date,value
2022-10-09,0.6122
2022-10-10,0.4714
2022-10-11,0.6849
2022-10-12,0.6024
2022-10-13,0.5875
2022-10-14,0.5845
2022-10-15,0.5862
2022-10-16,0.6062
2022-10-17,0.605
2022-10-18,1.4367
2022-10-19,0.5379
2022-10-20,0.5101
2022-10-21,0.5256
2022-10-22,0.5587
2022-10-23,0.6214
2022-10-24,0.66
2022-10-25,1.1356
2022-10-26,0.5848
2022-10-27,0.969
2022-10-28,0.6121
2022-10-29,0.6914
2022-10-30,0.5066
2022-10-31,0.6018
2022-11-01,0.556
2022-11-02,0.9324
2022-11-03,0.7314
2022-11-04,1.5995
2022-11-05,0.85
2022-11-06,0.5264
2022-11-07,0.4288
2022-11-08,0.5394
2022-11-09,0.4394
2022-11-10,0.4673
2022-11-11,0.8038
2022-11-12,0.519
2022-11-13,0.4807
2022-11-14,0.479
2022-11-15,0.4603
2022-11-16,0.5709
2022-11-17,0.3705
2022-11-18,0.3673
2022-11-19,0.4516
2022-11-20,0.5138
2022-11-21,0.4262
2022-11-22,0.5001
2022-11-23,1.4027
2022-11-24,0.5335
2022-11-25,0.5322
2022-11-26,0.3511
2022-11-27,0.5247
2022-11-28,0.4288
2022-11-29,0.6187
2022-11-30,0.453
2022-12-01,0.648
2022-12-02,0.51
2022-12-03,0.4985
2022-12-04,0.429
2022-12-05,0.4152
2022-12-06,0.3763
2022-12-07,0.7171
2022-12-08,0.5243
2022-12-09,0.4887
2022-12-10,0.9469
2022-12-11,0.5273
2022-12-12,0.5217
2022-12-13,0.4579
2022-12-14,0.4619
2022-12-15,0.5624
2022-12-16,0.6237
2022-12-17,0.5603
2022-12-18,0.6234
2022-12-19,0.5112
2022-12-20,0.4865
2022-12-21,0.4703
2022-12-22,0.5773
2022-12-23,0.688
2022-12-24,0.5601
2022-12-25,0.4246
2022-12-26,0.56
2022-12-27,0.4415
2022-12-28,0.5814
2022-12-29,0.523
2022-12-30,0.6778
2022-12-31,0.3867
2023-01-01,0.602
2023-01-02,0.7449
2023-01-03,0.5455
2023-01-04,0.5576
2023-01-05,0.8175
2023-01-06,0.5505
2023-01-07,0.616
2023-01-08,0.6093
2023-01-09,0.5726
2023-01-10,0.5204
2023-01-11,0.4565
2023-01-12,0.6904
2023-01-13,0.5818
2023-01-14,0.6089
2023-01-15,0.5616
2023-01-16,0.9233
2023-01-17,0.5816
2023-01-18,0.6341
2023-01-19,0.5232
2023-01-20,0.586
2023-01-21,0.6217
2023-01-22,0.7891
2023-01-23,0.6162
2023-01-24,0.7309
2023-01-25,0.7834
2023-01-26,0.7463
2023-01-27,0.6495
2023-01-28,0.8314
2023-01-29,0.7735
2023-01-30,0.7321
2023-01-31,0.7471
2023-02-01,0.6886
2023-02-02,0.6763
2023-02-03,0.7303
2023-02-04,0.7915
2023-02-05,0.7218
2023-02-06,0.8449
2023-02-07,0.662
2023-02-08,0.9502
2023-02-09,0.7462
2023-02-10,0.8958
2023-02-11,0.7643
2023-02-12,0.6387
2023-02-13,0.7342
2023-02-14,0.7334
2023-02-15,0.7079
2023-02-16,0.9043
2023-02-17,0.7263
2023-02-18,0.7495
2023-02-19,0.9758
2023-02-20,0.8167
2023-02-21,0.7942
2023-02-22,0.6594
2023-02-23,0.934
2023-02-24,0.7036
2023-02-25,0.6525
2023-02-26,0.8694
2023-02-27,0.9326
2023-02-28,0.631
2023-03-01,0.7017
2023-03-02,0.7075
2023-03-03,0.9035
2023-03-04,1.1246
2023-03-05,0.6329
2023-03-06,0.7946
2023-03-07,0.522
2023-03-08,0.8594
2023-03-09,0.7751
2023-03-10,0.7942
2023-03-11,0.8763
2023-03-12,0.7083
2023-03-13,0.9996
2023-03-14,0.98
2023-03-15,0.9526
2023-03-16,1.0239
2023-03-17,0.8245
2023-03-18,1.1446
2023-03-19,0.9735
2023-03-20,0.9552
2023-03-21,1.1251
2023-03-22,1.0165
2023-03-23,1.1438
2023-03-24,1.0959
2023-03-25,1.0286
2023-03-26,1.1337
2023-03-27,0.9027
2023-03-28,1.0596
2023-03-29,0.9069
2023-03-30,0.4534
2023-03-31,1.2377
2023-04-01,1.2024
2023-04-02,1.1592
2023-04-03,1.2731
2023-04-04,0.857
2023-04-05,0.8819
2023-04-06,0.7457
2023-04-07,0.8098
2023-04-08,1.1104
2023-04-09,1.0679
2023-04-10,0.9069
2023-04-11,0.9719
2023-04-12,0.8534
2023-04-13,1.0755
2023-04-14,1.179
2023-04-15,1.0027
2023-04-16,1.0639
2023-04-17,0.9051
2023-04-18,1.24
2023-04-19,2.3433
2023-04-20,1.1991
2023-04-21,1.1265
2023-04-22,1.0912
2023-04-23,1.2309
2023-04-24,1.1753
2023-04-25,1.0316
2023-04-26,1.1988
2023-04-27,1.1
2023-04-28,1.3592
2023-04-29,1.4708
2023-04-30,0.9989
2023-05-01,1.0258
2023-05-02,1.1642
2023-05-03,1.0922
2023-05-04,1.1738
2023-05-05,1.0444
2023-05-06,1.0968
2023-05-07,1.7672
2023-05-08,1.4017
2023-05-09,1.1424
2023-05-10,1.0651
2023-05-11,1.0063
2023-05-12,1.289
2023-05-13,1.0434
2023-05-14,1.5236
2023-05-15,2.1642
2023-05-16,1.1694
2023-05-17,0.9948
2023-05-18,0.9024
2023-05-19,1.1385
2023-05-20,1.2026
2023-05-21,1.1221
2023-05-22,1.0805
2023-05-23,1.0325
2023-05-24,1.1114
2023-05-25,1.2454
2023-05-26,1.205
2023-05-27,0.9627
2023-05-28,1.3892
2023-05-29,1.022
2023-05-30,1.3295
2023-05-31,1.1229
2023-06-01,1.1641
2023-06-02,1.1078
2023-06-03,0.9458
2023-06-04,1.0017
2023-06-05,1.1609
2023-06-06,1.0641
2023-06-07,1.1911
2023-06-08,1.3563
2023-06-09,1.2819
2023-06-10,0.7927
2023-06-11,1.1729
2023-06-12,1.1747
2023-06-13,1.1675
2023-06-14,1.1657
2023-06-15,0.9865
2023-06-16,1.1762
2023-06-17,1.0183
2023-06-18,1.5141
2023-06-19,1.3476
2023-06-20,0.7705
2023-06-21,1.0111
2023-06-22,1.1805
2023-06-23,1.0661
2023-06-24,1.5641
2023-06-25,1.7955
2023-06-26,1.3031
2023-06-27,1.4614
2023-06-28,1.5803
2023-06-29,0.8428
2023-06-30,1.4813
2023-07-01,2.6517
2023-07-02,1.4732
2023-07-03,1.2284
2023-07-04,1.3036
2023-07-05,1.0987
2023-07-06,0.6165
2023-07-07,1.1729
2023-07-08,1.292
2023-07-09,1.3768
2023-07-10,1.0095
2023-07-11,1.5922
2023-07-12,1.1104
2023-07-13,0.8012
2023-07-14,1.3286
2023-07-15,1.2802
2023-07-16,1.2512
2023-07-17,0.8038
2023-07-18,1.3938
2023-07-19,1.183
2023-07-20,1.232
2023-07-21,0.6866
2023-07-22,2.0636
2023-07-23,1.4046
2023-07-24,1.2447
2023-07-25,0.9291
2023-07-26,1.0449
2023-07-27,0.7631
2023-07-28,0.7306
2023-07-29,1.4233
2023-07-30,1.0744
2023-07-31,0.898
2023-08-01,1.1355
2023-08-02,0.7652
2023-08-03,1.1782
2023-08-04,1.1603
2023-08-05,1.1529
2023-08-06,1.3276
2023-08-07,1.0194
2023-08-08,0.9241
2023-08-09,1.2705
2023-08-10,1.0558
2023-08-11,1.4394
2023-08-12,1.4473
2023-08-13,1.4127
2023-08-14,1.1055
2023-08-15,1.23
2023-08-16,1.0947
2023-08-17,1.3119
2023-08-18,1.0682
2023-08-19,0.9921
2023-08-20,1.1461
2023-08-21,1.1618
2023-08-22,1.2454
2023-08-23,0.9263
2023-08-24,1.0101
2023-08-25,1.1603
2023-08-26,0.9007
2023-08-27,1.5601
2023-08-28,1.1188
2023-08-29,0.7153
2023-08-30,1.1402
2023-08-31,1.0652
2023-09-01,1.1026
2023-09-02,0.9144
2023-09-03,0.8314
2023-09-04,1.0171
2023-09-05,1.0221
2023-09-06,1.2152
2023-09-07,1.0111
2023-09-08,1.0524
2023-09-09,0.8175
2023-09-10,1.0713
2023-09-11,0.8892
2023-09-12,0.8145
2023-09-13,0.9833
2023-09-14,1.3827
2023-09-15,1.2954
2023-09-16,1.0564
2023-09-17,1.194
2023-09-18,1.717
2023-09-19,2.3679
2023-09-20,1.0136
2023-09-21,0.9802
2023-09-22,1.1637
2023-09-23,1.0317
2023-09-24,1.1607
2023-09-25,1.1363
2023-09-26,1.0392
2023-09-27,0.9374
2023-09-28,1.1849
2023-09-29,1.0813
2023-09-30,1.3149
2023-10-01,0.9954
2023-10-02,0.8668
2023-10-03,1.2234
2023-10-04,1.3153
2023-10-05,0.9261
2023-10-06,1.1532
2023-10-07,1.5638
2023-10-08,1.265
2023-10-09,1.443
2023-10-10,1.1798
2023-10-11,1.0692
2023-10-12,0.9391
2023-10-13,1.0469
2023-10-14,1.4929
2023-10-15,1.0984
2023-10-16,1.0069
2023-10-17,0.9649
2023-10-18,1.141
2023-10-19,0.8827
2023-10-20,1.0545
2023-10-21,1.2033
2023-10-22,1.1697
2023-10-23,1.1673
2023-10-24,1.2521
2023-10-25,1.3761
2023-10-26,1.704
2023-10-27,1.3267
2023-10-28,1.5471
2023-10-29,1.6106
2023-10-30,1.2961
2023-10-31,1.2363
2023-11-01,2.1444
2023-11-02,1.3339
2023-11-03,1.2233
2023-11-04,1.3631
2023-11-05,1.3141
2023-11-06,1.5032
2023-11-07,1.4471
2023-11-08,1.5028
2023-11-09,1.2628
2023-11-10,1.5055
2023-11-11,1.3836
2023-11-12,1.3366
2023-11-13,1.5443
2023-11-14,1.4423
2023-11-15,1.4048
2023-11-16,1.4207
2023-11-17,1.3739
2023-11-18,1.7073
2023-11-19,1.5951
2023-11-20,1.5898
2023-11-21,1.573
2023-11-22,1.2182
2023-11-23,1.5056
2023-11-24,1.3157
2023-11-25,1.403
2023-11-26,1.5187
2023-11-27,1.3567
2023-11-28,1.5207
2023-11-29,1.3468
2023-11-30,0.9683
2023-12-01,1.6143
2023-12-02,1.8923
2023-12-03,1.5138
2023-12-04,1.6441
2023-12-05,1.5174
2023-12-06,1.5295
2023-12-07,1.7611
2023-12-08,1.4958
2023-12-09,1.7162
2023-12-10,1.5879
2023-12-11,1.7425
2023-12-12,1.8994
2023-12-13,1.5853
2023-12-14,1.5852
2023-12-15,1.8031
2023-12-16,1.494
2023-12-17,1.6053
2023-12-18,2.0772
2023-12-19,1.5021
2023-12-20,1.6311
2023-12-21,1.5856
2023-12-22,1.4252
2023-12-23,1.9509
2023-12-24,3.0163
2023-12-25,1.8384
2023-12-26,1.7676
2023-12-27,2.4336
2023-12-28,1.548
2023-12-29,1.1106
2023-12-30,2.4823
2023-12-31,1.5963
2024-01-01,1.5657
2024-01-02,1.6518
2024-01-03,1.8401
2024-01-04,1.5177
2024-01-05,1.4961
2024-01-06,1.703
2024-01-07,1.6186
2024-01-08,1.6669
2024-01-09,1.7783
2024-01-10,1.6865
2024-01-11,1.8474
2024-01-12,1.5022
2024-01-13,1.814
2024-01-14,2.0284
2024-01-15,1.6148
2024-01-16,4.0697
2024-01-17,1.2889
2024-01-18,1.573
2024-01-19,1.4887
2024-01-20,1.539
2024-01-21,1.7461
2024-01-22,1.252
2024-01-23,1.2759
2024-01-24,1.8616
2024-01-25,1.5512
2024-01-26,1.1713
2024-01-27,1.8184
2024-01-28,1.528
2024-01-29,1.1656
2024-01-30,1.5474
2024-01-31,1.6906
2024-02-01,1.3268
2024-02-02,1.5053
2024-02-03,1.6095
2024-02-04,1.6587
2024-02-05,1.6662
2024-02-06,2.4673
2024-02-07,1.6656
2024-02-08,1.562
2024-02-09,1.4966
2024-02-10,1.7774
2024-02-11,1.8152
2024-02-12,1.4786
2024-02-13,1.4351
2024-02-14,1.7917
2024-02-15,1.71
2024-02-16,1.7246
2024-02-17,1.8585
2024-02-18,2.011
2024-02-19,3.8531
2024-02-20,1.5924
2024-02-21,1.332
2024-02-22,2.2126
2024-02-23,1.6231
2024-02-24,2.0364
2024-02-25,2.1714
2024-02-26,1.8906
2024-02-27,1.991
2024-02-28,2.177
2024-02-29,2.1084
2024-03-01,3.0092
2024-03-02,1.9056
2024-03-03,2.2706
2024-03-04,2.0492
2024-03-05,2.2279
2024-03-06,2.5409
2024-03-07,2.9373
2024-03-08,2.5631
2024-03-09,2.4605
2024-03-10,3.0772
2024-03-11,2.3316
2024-03-12,2.3648
2024-03-13,2.6689
2024-03-14,3.5429
2024-03-15,2.3684
2024-03-16,2.5442
2024-03-17,5.6325
2024-03-18,1.9478
2024-03-19,1.8084
2024-03-20,1.7754
2024-03-21,1.8003
2024-03-22,5.5147
2024-03-23,5.5687
2024-03-24,3.5696
2024-03-25,2.2283
2024-03-26,2.4601
2024-03-27,2.2262
2024-03-28,4.621
2024-03-29,2.5294
2024-03-30,2.0314
2024-03-31,2.0655
2024-04-01,2.6548
2024-04-02,2.6536
2024-04-03,2.3272
2024-04-04,2.1945
2024-04-05,2.2391
2024-04-06,2.97
2024-04-07,3.0181
2024-04-08,2.1918
2024-04-09,1.7581
2024-04-10,2.0471
2024-04-11,2.271
2024-04-12,2.9142
2024-04-13,2.4982
2024-04-14,2.3596
2024-04-15,1.8159
2024-04-16,2.9383
2024-04-17,2.4335
2024-04-18,1.9574
2024-04-19,2.5153
2024-04-20,2.0717
2024-04-21,2.1027
2024-04-22,2.7188
2024-04-23,2.277
2024-04-24,2.303
2024-04-25,2.132
2024-04-26,1.9183
2024-04-27,3.2104
2024-04-28,3.107
2024-04-29,2.2522
2024-04-30,1.8533
2024-05-01,1.8153
2024-05-02,1.7123
2024-05-03,1.8853
2024-05-04,2.1063
2024-05-05,2.4823
2024-05-06,3.2072
2024-05-07,2.2916
2024-05-08,2.2083
2024-05-09,2.0541
2024-05-10,2.3482
2024-05-11,2.2112
2024-05-12,2.6975
2024-05-13,1.9927
2024-05-14,2.3932
2024-05-15,3.6296
2024-05-16,2.1889
2024-05-17,2.712
2024-05-18,2.0957
2024-05-19,2.5508
2024-05-20,2.6829
2024-05-21,2.3354
2024-05-22,2.8941
2024-05-23,2.3637
2024-05-24,2.6673
2024-05-25,2.2965
2024-05-26,3.0959
2024-05-27,2.6239
2024-05-28,29.3258
2024-05-29,2.1048
2024-05-30,2.2854
2024-05-31,2.2057
2024-06-01,2.1082
2024-06-02,2.5817
2024-06-03,2.1947
2024-06-04,2.3108
2024-06-05,2.7852
2024-06-06,2.6394
2024-06-07,2.1642
2024-06-08,3.1047
2024-06-09,2.4152
2024-06-10,2.4031
2024-06-11,3.6361
2024-06-12,1.9923
2024-06-13,2.4117
2024-06-14,2.0999
2024-06-15,2.4384
2024-06-16,2.402
2024-06-17,2.5541
2024-06-18,2.2311
2024-06-19,2.1601
2024-06-20,1.9633
2024-06-21,2.7993
2024-06-22,2.3593
2024-06-23,2.137
2024-06-24,2.0251
2024-06-25,1.8987
2024-06-26,1.93
2024-06-27,2.4143
2024-06-28,1.9835
2024-06-29,1.6368
2024-06-30,1.7928
2024-07-01,1.8035
2024-07-02,2.3559
2024-07-03,4.2463
2024-07-04,1.4261
2024-07-05,1.8184
2024-07-06,2.253
2024-07-07,1.6723
2024-07-08,1.6882
2024-07-09,2.1492
2024-07-10,2.9073
2024-07-11,2.1699
2024-07-12,2.1021
2024-07-13,2.0879
2024-07-14,2.9349
2024-07-15,1.9199
2024-07-16,2.0597
2024-07-17,2.3114
2024-07-18,1.8029
2024-07-19,2.3668
2024-07-20,2.3113
2024-07-21,2.1987
2024-07-22,2.213
2024-07-23,3.5803
2024-07-24,2.0278
2024-07-25,2.1302
2024-07-26,2.003
2024-07-27,2.6408
2024-07-28,2.6019
2024-07-29,1.9735
2024-07-30,1.3182
2024-07-31,1.864
2024-08-01,1.9434
2024-08-02,1.6791
2024-08-03,2.6918
2024-08-04,2.2724
2024-08-05,1.8512
2024-08-06,1.5463
2024-08-07,2.2465
2024-08-08,1.6856
2024-08-09,1.763
2024-08-10,2.5594
2024-08-11,1.9767
2024-08-12,1.4317
2024-08-13,1.4649
2024-08-14,1.3778
2024-08-15,1.6475
2024-08-16,1.5553
2024-08-17,1.6399
2024-08-18,1.833
2024-08-19,1.3667
2024-08-20,1.5611
2024-08-21,1.4529
2024-08-22,1.6032
2024-08-23,1.665
2024-08-24,1.7775
2024-08-25,1.8136
2024-08-26,1.5293
2024-08-27,1.0013
2024-08-28,1.7892
2024-08-29,3.2023
2024-08-30,1.5047
2024-08-31,2.4343
2024-09-01,1.8165
2024-09-02,1.4226
2024-09-03,1.3394
2024-09-04,1.7564
2024-09-05,1.4105
2024-09-06,1.6613
2024-09-07,1.4224
2024-09-08,1.4392
2024-09-09,2.0289
2024-09-10,1.3478
2024-09-11,1.2868
2024-09-12,1.2696
2024-09-13,1.8429
2024-09-14,1.5093
2024-09-15,1.8987
2024-09-16,1.461
2024-09-17,1.4352
2024-09-18,1.4832
2024-09-19,1.5821
2024-09-20,1.6482
2024-09-21,1.6211
2024-09-22,1.5784
2024-09-23,1.3718
2024-09-24,1.6049
2024-09-25,1.5344
2024-09-26,1.7331
2024-09-27,1.3648
2024-09-28,1.8163
2024-09-29,1.9939
2024-09-30,1.4527
2024-10-01,1.6888
2024-10-02,1.1502
2024-10-03,1.353
2024-10-04,1.82
2024-10-05,2.0692
2024-10-06,1.8147
2024-10-07,1.4547
2024-10-08,1.7509
2024-10-09,1.2121
2024-10-10,1.0091
2024-10-11,1.6029
2024-10-12,1.9844
2024-10-13,1.9883
2024-10-14,1.4352
2024-10-15,2.1852
2024-10-16,1.7012
2024-10-17,1.8186
2024-10-18,1.5818
2024-10-19,1.7578
2024-10-20,1.9414
2024-10-21,2.3524
2024-10-22,1.7942
2024-10-23,2.023
2024-10-24,1.848
2024-10-25,1.8423
2024-10-26,1.7727
2024-10-27,1.9363
2024-10-28,1.5549
2024-10-29,1.6269
2024-10-30,1.7734
2024-10-31,1.6338
2024-11-01,1.529
2024-11-02,1.7328
2024-11-03,1.9477
2024-11-04,1.9406
2024-11-05,1.3601
2024-11-06,1.1492
2024-11-07,1.7112
2024-11-08,1.8119
2024-11-09,1.8442
2024-11-10,1.9682
2024-11-11,1.8843
2024-11-12,1.9899
2024-11-13,2.4628
2024-11-14,1.6898
2024-11-15,2.8488
2024-11-16,2.4403
2024-11-17,2.4613
2024-11-18,2.0827
2024-11-19,2.2912
2024-11-20,2.0543
2024-11-21,2.3424
2024-11-22,1.9819
2024-11-23,2.2654
2024-11-24,2.5605
2024-11-25,1.7885
2024-11-26,2.862
2024-11-27,3.1331
2024-11-28,4.2273
2024-11-29,2.6567
2024-11-30,2.3993
2024-12-01,2.2723
2024-12-02,3.4898
2024-12-03,3.9464
2024-12-04,1.9016
2024-12-05,1.8316
2024-12-06,1.4851
2024-12-07,2.2379
2024-12-08,2.6379
2024-12-09,2.0296
2024-12-10,1.988
2024-12-11,2.8545
2024-12-12,2.2509
2024-12-13,2.2986
2024-12-14,3.0085
2024-12-15,1.8326
2024-12-16,2.2268
2024-12-17,1.8632
2024-12-18,2.9322
2024-12-19,2.1336
2024-12-20,2.8739
2024-12-21,2.4334
2024-12-22,3.1168
2024-12-23,2.1411
2024-12-24,2.9972
2024-12-25,2.5701
2024-12-26,2.611
2024-12-27,4.5731
2024-12-28,2.8142
2024-12-29,4.3021
2024-12-30,1.897
2024-12-31,2.8587
2025-01-01,5.2254
2025-01-02,2.0024
2025-01-03,2.3079
2025-01-04,2.5228
2025-01-05,2.2738
2025-01-06,2.1779
2025-01-07,1.8275
2025-01-08,2.0315
2025-01-09,2.3469
2025-01-10,2.1374
2025-01-11,2.756
2025-01-12,2.509
2025-01-13,2.4194
2025-01-14,2.4809
2025-01-15,2.5402
2025-01-16,2.7539
2025-01-17,2.5185
2025-01-18,3.1935
2025-01-19,2.5383
2025-01-20,2.7696
2025-01-21,2.512
2025-01-22,3.9848
2025-01-23,4.8993
2025-01-24,2.4498
2025-01-25,3.148
2025-01-26,3.0292
2025-01-27,1.8877
2025-01-28,2.9265
2025-01-29,2.7981
2025-01-30,2.04
2025-01-31,1.9987
2025-02-01,2.8645
2025-02-02,2.3581
2025-02-03,1.8561
2025-02-04,1.5602
2025-02-05,4.9569
2025-02-06,3.5661
2025-02-07,1.8091
2025-02-08,1.8648
2025-02-09,5.773
2025-02-10,2.5973
2025-02-11,3.7407
2025-02-12,2.3397
2025-02-13,2.2764
2025-02-14,2.4281
2025-02-15,2.9085
2025-02-16,2.5349
2025-02-17,2.4477
2025-02-18,2.1084
2025-02-19,2.3474
2025-02-20,2.7122
2025-02-21,1.9126
2025-02-22,1.7962
2025-02-23,2.2768
2025-02-24,2.1687
2025-02-25,2.7017
2025-02-26,2.296
2025-02-27,1.5931
2025-02-28,1.7657
2025-03-01,1.8753
2025-03-02,3.1279
2025-03-03,2.5855
2025-03-04,1.8144
2025-03-05,2.1343
2025-03-06,1.9717
2025-03-07,1.7115
2025-03-08,2.0634
2025-03-09,1.7529
2025-03-10,1.9416
2025-03-11,1.5226
2025-03-12,1.3273
2025-03-13,2.0105
2025-03-14,2.1677
2025-03-15,2.1533
2025-03-16,2.0849
2025-03-17,1.8373
2025-03-18,1.9412
2025-03-19,2.0014
2025-03-20,2.2804
2025-03-21,2.0477
2025-03-22,3.5459
2025-03-23,1.9702
2025-03-24,2.0962
2025-03-25,1.9006
2025-03-26,2.3839
2025-03-27,2.1759
2025-03-28,2.7591
2025-03-29,1.645
2025-03-30,1.8625
2025-03-31,2.2459
2025-04-01,1.6794
2025-04-02,1.7399
2025-04-03,4.2406
2025-04-04,1.601
2025-04-05,2.3341
2025-04-06,1.8056
2025-04-07,2.472
2025-04-08,1.9181
2025-04-09,1.8225
2025-04-10,2.7731
2025-04-11,2.3734
2025-04-12,2.111
2025-04-13,2.696
2025-04-14,1.9044
2025-04-15,2.0003
2025-04-16,1.7577
2025-04-17,1.7734
2025-04-18,2.0063
2025-04-19,1.8792
2025-04-20,2.1348
2025-04-21,2.1249
2025-04-22,1.7601
2025-04-23,2.4614
2025-04-24,2.1433
2025-04-25,1.555
2025-04-26,2.1874
2025-04-27,2.1983
2025-04-28,1.6748
2025-04-29,2.5154
2025-04-30,1.4796
2025-05-01,1.8647
2025-05-02,1.8898
2025-05-03,2.3491
2025-05-04,2.126
2025-05-05,2.5058
2025-05-06,2.5543
2025-05-07,1.7329
2025-05-08,1.8452
2025-05-09,1.8948
2025-05-10,1.9821
2025-05-11,2.3297
2025-05-12,2.0208
2025-05-13,2.2741
2025-05-14,1.6121
2025-05-15,2.9829
2025-05-16,2.4042
2025-05-17,2.7118
2025-05-18,2.6152
2025-05-19,2.3157
2025-05-20,1.9222
2025-05-21,2.1075
2025-05-22,1.8157
2025-05-23,1.8443
2025-05-24,2.3754
2025-05-25,3.0367
2025-05-26,2.6338
2025-05-27,1.7215
2025-05-28,1.9718
2025-05-29,2.6184
2025-05-30,1.8758
2025-05-31,2.2846
2025-06-01,2.3364
2025-06-02,1.5445
2025-06-03,1.6589
2025-06-04,2.5947
2025-06-05,1.9353
2025-06-06,1.4729
2025-06-07,2.1825
2025-06-08,2.7177
2025-06-09,1.9361
2025-06-10,1.6728
2025-06-11,1.5603
2025-06-12,1.9326
2025-06-13,3.4798
2025-06-14,2.1883
2025-06-15,2.3883
2025-06-16,1.8015
2025-06-17,1.9335
2025-06-18,1.6391
2025-06-19,2.0219
2025-06-20,2.0282
2025-06-21,1.9652
2025-06-22,2.4364
2025-06-23,1.8282
2025-06-24,2.049
2025-06-25,1.9066
2025-06-26,2.8857
2025-06-27,2.3892
2025-06-28,1.6704
2025-06-29,2.1896
2025-06-30,2.8176
2025-07-01,3.066
2025-07-02,2.1369
2025-07-03,2.372
2025-07-04,24.4964
2025-07-05,2.1709
2025-07-06,1.8667
2025-07-07,2.5304
2025-07-08,2.6229
2025-07-09,3.9118
2025-07-10,1.96
2025-07-11,1.8944
2025-07-12,3.2584
2025-07-13,2.1197
2025-07-14,2.0762
2025-07-15,2.2362
2025-07-16,1.3533
2025-07-17,1.5855
2025-07-18,1.9277
2025-07-19,3.5264
2025-07-20,2.244
2025-07-21,1.9682
2025-07-22,2.4213
2025-07-23,3.2444
2025-07-24,2.3372
2025-07-25,2.7055
2025-07-26,2.1067
2025-07-27,2.0893
2025-07-28,2.9967
2025-07-29,2.2858
2025-07-30,3.3112
2025-07-31,1.8306
2025-08-01,1.8286
2025-08-02,2.0327
2025-08-03,2.9408
2025-08-04,1.788
2025-08-05,2.573
2025-08-06,1.7533
2025-08-07,2.0243
2025-08-08,1.7453
2025-08-09,1.887
2025-08-10,1.7844
2025-08-11,2.0256
2025-08-12,1.4659
2025-08-13,1.5443
2025-08-14,1.7639
2025-08-15,1.315
2025-08-16,4.6676
2025-08-17,2.2014
2025-08-18,1.815
2025-08-19,1.7181
2025-08-20,1.5725
2025-08-21,1.5117
2025-08-22,1.4339
2025-08-23,1.3997
2025-08-24,2.6221
2025-08-25,2.3637
2025-08-26,1.3292
2025-08-27,1.4332
2025-08-28,1.3718
2025-08-29,1.7681
2025-08-30,1.3413
2025-08-31,2.7191
2025-09-01,1.7876
2025-09-02,1.9297
2025-09-03,1.3753
2025-09-04,1.652
2025-09-05,1.6472
2025-09-06,1.2988
2025-09-07,1.9674
2025-09-08,1.8224
2025-09-09,1.4496
2025-09-10,1.3754
2025-09-11,1.4873
2025-09-12,1.3872
2025-09-13,1.4803
2025-09-14,1.828
2025-09-15,2.6384
2025-09-16,1.4666
2025-09-17,1.7851
2025-09-18,1.4449
2025-09-19,2.0274
2025-09-20,1.3605
2025-09-21,2.3232
2025-09-22,2.1665
2025-09-23,1.7102
2025-09-24,1.7133
2025-09-25,1.5781
2025-09-26,1.4268
2025-09-27,1.2632
2025-09-28,1.7705
2025-09-29,1.9076
2025-09-30,2.0049
2025-10-01,1.823
2025-10-02,1.4773
2025-10-03,1.3921
2025-10-04,1.6003
2025-10-05,2.2498
2025-10-06,2.4207
2025-10-07,2.2918
2025-10-08,1.899
2025-10-09,2.0607
2025-10-10,1.546
2025-10-11,1.4164
2025-10-12,2.0746
2025-10-13,1.7502
2025-10-14,1.5667
2025-10-15,2.3269
2025-10-16,1.3793
2025-10-17,1.6033
2025-10-18,1.2812
2025-10-19,1.9767
2025-10-20,1.0003
2025-10-21,0.9995
2025-10-22,1.9264
2025-10-23,1.5746
2025-10-24,1.5078
2025-10-25,1.3338
2025-10-26,2.4384
2025-10-27,2.3444
2025-10-28,1.7549
2025-10-29,1.5659
2025-10-30,1.4827
2025-10-31,1.4073
2025-11-01,1.7385
2025-11-02,1.8527
2025-11-03,2.2096
2025-11-04,1.2947
2025-11-05,1.1532
2025-11-06,1.2163
2025-11-07,1.9433
2025-11-08,1.5438
2025-11-09,1.5691
2025-11-10,1.3553
2025-11-11,1.2783
2025-11-12,1.3494
2025-11-13,1.3665
2025-11-14,1.2012
2025-11-15,1.4413
2025-11-16,1.667
2025-11-17,1.3788
2025-11-18,1.3343
2025-11-19,1.0838
2025-11-20,1.2533
2025-11-21,1.1394
2025-11-22,1.151
2025-11-23,1.9314
2025-11-24,1.3327
2025-11-25,2.5904
2025-11-26,1.3974
2025-11-27,1.4895
2025-11-28,1.2001
2025-11-29,1.3252
2025-11-30,1.2661
2025-12-01,1.3444
2025-12-02,1.2412
2025-12-03,1.2152
2025-12-04,1.2082
2025-12-05,1.8908
2025-12-06,1.6892
2025-12-07,1.5249
2025-12-08,1.2721
2025-12-09,1.3318
2025-12-10,1.3318
2025-12-11,1.2588
2025-12-12,1.0211
2025-12-13,1.2627
2025-12-14,1.1728
2025-12-15,1.105
2025-12-16,0.987
2025-12-17,1.0179
2025-12-18,1.1484
2025-12-19,1.0387
2025-12-20,0.9049
2025-12-21,1.746
2025-12-22,1.2004
2025-12-23,1.1976
2025-12-24,1.2818
2025-12-25,1.6381
2025-12-26,1.216
2025-12-27,1.3183
2025-12-28,1.1902
2025-12-29,1.1824
2025-12-30,1.0154
2025-12-31,0.9291
2026-01-01,1.123
2026-01-02,1.0751
2026-01-03,1.3447
2026-01-04,1.2665
2026-01-05,1.1722
2026-01-06,1.5094
2026-01-07,1.1015
2026-01-08,1.0579
2026-01-09,0.9379
2026-01-10,1.2743
2026-01-11,1.5273
2026-01-12,1.5174
2026-01-13,1.4342
2026-01-14,1.5197
2026-01-15,1.1074
2026-01-16,1.1851
2026-01-17,1.9366
2026-01-19,1.6202
2026-01-20,1.2272
2026-01-21,1.0922
2026-01-22,1.2423
2026-01-23,1.1447
2026-01-24,1.3005
2026-01-25,1.3348
2026-01-26,1.1133
2026-01-27,1.1988
2026-01-28,0.9991
2026-01-29,1.091
2026-01-30,1.0793
2026-01-31,1.229
2026-02-01,1.2305
2026-02-02,1.0106
2026-02-03,1.0766
2026-02-04,0.9361
2026-02-05,0.8636
2026-02-06,0.8155
2026-02-07,1.0675
2026-02-08,1.2197
2026-02-09,0.7966
2026-02-10,0.8577
2026-02-11,0.8895
2026-02-12,0.8691
2026-02-13,0.7536
2026-02-14,1.2113
2026-02-15,1.0307
2026-02-16,1.0476
2026-02-17,1.0645
2026-02-18,1.0814
2026-02-19,1.0788
2026-02-20,0.8037
2026-02-21,1.3159
2026-02-22,1.0601
2026-02-23,1.0582
2026-02-24,0.9091
2026-02-25,0.9672
2026-02-26,0.9663
2026-02-27,0.7415
2026-02-28,0.896
2026-03-01,0.8176
2026-03-02,0.8393
2026-03-03,0.8568
2026-03-04,1.0724
2026-03-05,0.8561
2026-03-06,0.7779
2026-03-07,1.0448
2026-03-08,1.5147
2026-03-09,0.8183
2026-03-10,0.8107
2026-03-11,0.6543
2026-03-12,0.8433
2026-03-13,1.0214
2026-03-14,0.8615
2026-03-15,0.9668
2026-03-16,0.9034
2026-03-17,0.8726
2026-03-18,0.7386
2026-03-19,0.79
2026-03-20,0.8832
2026-03-21,1.0284
2026-03-22,2.0311
2026-03-23,1.1297
2026-03-24,1.0126
2026-03-25,0.7785
2026-03-26,0.783
2026-03-27,0.7577
2026-03-28,0.8955
2026-03-29,0.8835
2026-03-30,0.675
2026-03-31,1.0007
2026-04-01,0.8853
2026-04-02,0.7584
2026-04-03,0.7493
2026-04-04,0.8704
2026-04-05,2.9676
2026-04-06,0.8475
2026-04-07,0.8547
2026-04-08,0.8134
2026-04-09,0.913
2026-04-10,0.9365
2026-04-11,0.8827
2026-04-12,1.2604
2026-04-13,1.0318
2026-04-14,0.782
2026-04-15,0.7655
2026-04-16,0.9781
2026-04-17,0.8958
2026-04-18,0.9667
2026-04-19,0.901
2026-04-20,0.8354
2026-04-21,1.0716
2026-04-22,0.7708
2026-04-23,1.0328
2026-04-24,1.1957
2026-04-25,1.0928
2026-04-26,1.4242
2026-04-27,0.8471
2026-04-28,0.9261
2026-04-29,0.7969
2026-04-30,0.8072
2026-05-01,1.3392
2026-05-02,1.1057
2026-05-03,1.8975
2026-05-04,1.5653
2026-05-05,0.9437
2026-05-06,1.0387
2026-05-07,0.9077
2026-05-08,0.8565
2026-05-09,1.1602
2026-05-10,1.7938
2026-05-11,0.9882
2026-05-12,1.0832
2026-05-13,0.9562
2026-05-14,0.8162
2026-05-15,0.8878
2026-05-16,1.2957
2026-05-17,1.1755
2026-05-18,0.8854
2026-05-19,0.8017
2026-05-20,0.8245
2026-05-21,0.9144
2026-05-22,0.8257
2026-05-23,0.9605
2026-05-24,0.9109
2026-05-25,1.2482
2026-05-26,0.8686
2026-05-27,0.8493
2026-05-28,0.7441
2026-05-29,0.8457
2026-05-30,0.9244
2026-05-31,0.9417
2026-06-01,0.8114
2026-06-02,0.7547
2026-06-03,0.6718
2026-06-04,0.6794
2026-06-05,0.7746
2026-06-06,0.7415
2026-06-07,1.1209
2026-06-08,0.6789
2026-06-09,0.7466
2026-06-10,0.7812
2026-06-11,0.6806
2026-06-12,0.7661
2026-06-13,0.9969
2026-06-14,1.3927
2026-06-15,0.735
2026-06-16,0.8767
2026-06-17,0.8371
2026-06-18,0.7346
2026-06-19,0.702
2026-06-20,0.8473
2026-06-21,2.8219
2026-06-22,0.798
2026-06-23,0.7957
2026-06-24,0.6929
2026-06-25,0.6589
2026-06-26,0.6355
2026-06-27,0.9731
2026-06-28,0.7876
2026-06-29,0.6427
2026-06-30,0.6164
2026-07-01,0.7646
2026-07-02,0.8274
2026-07-03,0.9283
2026-07-04,0.8684
2026-07-05,1.0632
2026-07-06,0.764
2026-07-07,0.8658
2026-07-08,0.7256
2026-07-09,0.695
2026-07-10,0.7125
2026-07-11,0.9295
2026-07-12,1.352
2026-07-13,0.9027
2026-07-14,0.7309
2026-07-15,0.718
2026-07-16,0.723
2026-07-17,0.8912
2026-07-18,0.7303
2026-07-19,1.1753
2026-07-20,1.0455
2026-07-21,0.9784
2026-07-22,0.8738
2026-07-23,0.8664
2026-07-24,0.687
2026-07-25,2.0235
2026-07-26,0.8875
2026-07-27,0.8566
2026-07-28,0.9837
2026-07-29,0.7678
2026-07-30,0.9051
2026-07-31,0.9958
2026-08-01,0.8049
2026-08-02,0.957
2026-08-03,0.9174
2026-08-04,0.9298
2026-08-05,0.8346
2026-08-06,1.0396
2026-08-07,0.8487
2026-08-08,1.0256
2026-08-09,0.8559
2026-08-10,0.9007
2026-08-11,0.864
2026-08-12,0.8237
2026-08-13,0.8577
2026-08-14,0.913
2026-08-15,0.9597
2026-08-16,0.6865
2026-08-17,0.8063
2026-08-18,0.7816
2026-08-19,0.7817
2026-08-20,0.8547
2026-08-21,0.9875
2026-08-22,1.1993
2026-08-23,1.1547
2026-08-24,0.9741
2026-08-25,1.0037
2026-08-26,0.9236
2026-08-27,0.9394
2026-08-28,1.0657
2026-08-29,0.8804
2026-08-30,1.193
2026-08-31,1.0109
2026-09-01,0.9777
2026-09-02,0.954
2026-09-03,1.0159
2026-09-04,0.9537
2026-09-05,1.3945
2026-09-06,1.3181
2026-09-07,1.1255
2026-09-08,1.1253
2026-09-09,0.9545
2026-09-10,1.1458
2026-09-11,0.9124
2026-09-12,1.3527
2026-09-13,0.9945
2026-09-14,0.9848
2026-09-15,1.0425
2026-09-16,0.7711
2026-09-17,0.9274
2026-09-18,0.9004
2026-09-19,1.2197
2026-09-20,1.1263
2026-09-21,1.0667
2026-09-22,1.471
2026-09-23,1.4519
2026-09-24,1.0225
2026-09-25,1.0146
2026-09-26,1.288
2026-09-27,1.2334
2026-09-28,1.0521
2026-09-29,1.2057
2026-09-30,0.9142
2026-10-01,1.1278
2026-10-02,1.0535
