date,oi_btc,oi_usd,ls_ratio
2026-04-01,89176.9670,6071747563.6455,1.538646
2026-04-02,90119.3440,6026348660.5004,1.823208
2026-04-03,90276.7660,6042223948.3800,1.733738
2026-04-04,91402.9720,6148641365.2512,1.551142
2026-04-05,91034.3470,6280741806.0057,1.306562
2026-04-06,91588.3060,6303299554.3626,1.135157
2026-04-07,87992.1920,6328106335.6041,1.030460
2026-04-08,90980.2580,6463611364.8154,0.956771
2026-04-09,92972.1740,6671269465.2441,0.882921
2026-04-10,97125.2360,7082119683.5064,0.725268
2026-04-11,98725.8480,7207692418.9413,0.742549
2026-04-12,90771.4520,6418385830.9036,1.168229
2026-04-13,93639.1440,6964827651.5460,0.743426
2026-04-14,99507.7580,7374211471.3302,0.678406
2026-04-15,98125.7610,7337471529.6882,0.761597
2026-04-16,97937.0950,7356550651.4713,0.738877
2026-04-17,106822.3630,8230152712.1513,0.601004
2026-04-18,98259.9060,7433735276.5428,0.795022
2026-04-19,95695.6420,7057530464.6738,0.992637
2026-04-20,93250.3220,7067777605.5392,0.816397
2026-04-21,94836.6520,7234926958.7716,0.860776
2026-04-22,103867.5140,8116627561.6069,0.512455
2026-04-23,99022.7950,7732749475.2270,0.667229
2026-04-24,96206.5630,7446070494.5421,0.765224
2026-04-25,95945.2600,7442569763.4600,0.803585
2026-04-26,96094.8320,7532209792.4356,0.743651
2026-04-27,97336.9400,7512891473.6194,0.926031
2026-04-28,97700.4270,7447904213.4357,0.944995
2026-04-29,95113.6900,7167701529.4671,1.031171
2026-04-30,95345.2360,7282144951.8776,0.898630
2026-05-01,103865.0070,8121402240.8433,0.579547
2026-05-02,102089.1300,8029811346.9241,0.598544
2026-05-03,103639.2820,8144586251.3238,0.580208
2026-05-04,108858.1650,8689613906.9415,0.526924
2026-05-05,113249.7700,9157591576.7630,0.506271
2026-05-06,106377.8200,8658795642.0741,0.585990
2026-05-07,103885.1300,8301003643.7280,0.753243
2026-05-08,100875.1360,8090488532.6080,0.781011
2026-05-09,100442.1440,8106120321.9093,0.734027
2026-05-10,98593.4720,7971380022.3545,0.669269
2026-05-11,100532.7760,8202274079.3910,0.609327
2026-05-12,106090.3920,8555428914.7002,0.761052
2026-05-13,104290.4460,8269001740.5372,0.990436
2026-05-14,110633.3890,9007146564.0743,0.618472
2026-05-15,101891.5320,8057582350.5600,1.094721
2026-05-16,101913.9510,7974756474.3549,1.247687
2026-05-17,102638.5380,7986955357.4669,1.312532
2026-05-18,104527.0220,8056964536.8897,1.414192
2026-05-19,103898.7280,7976532958.2992,1.458275
2026-05-20,101591.3060,7874378647.9259,1.310070
2026-05-21,100702.6490,7819872873.0619,1.239383
2026-05-22,104881.2130,7919307702.4762,1.507976
2026-05-23,103039.1470,7900402949.2486,1.255866
2026-05-24,99129.2400,7635290930.0640,1.161499
2026-05-25,99754.1940,7720934713.9224,1.006619
2026-05-26,99187.9330,7530794219.0585,1.336798
2026-05-27,100930.4320,7511749840.7524,1.651775
2026-05-28,106626.0570,7845428715.5544,1.764888
2026-05-29,104364.0640,7663275800.6112,1.655869
2026-05-30,103776.5100,7666064192.5590,1.525976
2026-05-31,105039.2190,7735835738.8140,1.520889
2026-06-01,105208.8560,7503274671.3224,2.093910
2026-06-02,107511.7660,7176303308.9087,2.251380
2026-06-03,104001.5070,6818869206.6057,2.279225
2026-06-04,98688.4170,6301849095.4617,1.995453
2026-06-05,101688.1110,6200796753.1410,2.023560
2026-06-06,101849.8010,6192326912.6301,1.958724
2026-06-07,98577.1140,6203625905.1449,2.082642
2026-06-08,98604.8420,6240828636.4746,1.819999
2026-06-09,99126.7650,6123407217.7275,2.104488
2026-06-10,100371.2760,6211296320.8249,2.041227
2026-06-11,98329.4920,6253559032.2160,1.586375
2026-06-12,97795.5940,6214606832.3586,1.562926
2026-06-13,100142.2730,6451335468.5241,1.456230
2026-06-14,101679.0830,6681322376.0217,1.426335
2026-06-15,103300.7790,6847516496.3240,1.328735
2026-06-16,102414.6510,6723012609.3196,1.425037
2026-06-17,99312.6920,6403522307.5310,1.762660
2026-06-18,98609.7970,6204932727.4077,1.936151
2026-06-19,97664.2080,6202898010.6000,1.908894
2026-06-20,97540.1350,6269488531.2285,1.692735
2026-06-21,100266.1260,6344840299.1980,1.583141
2026-06-22,99597.3700,6373276294.3935,1.740177
2026-06-23,98871.0440,6198898071.4592,2.069268
2026-06-24,100826.8340,6155589125.2174,2.565269
2026-06-25,105339.4650,6295950212.0130,2.386111
2026-06-26,103637.4870,6225711119.0640,2.132915
2026-06-27,102912.5670,6174784893.7701,2.013984
2026-06-28,102976.5280,6132283135.3584,2.309929
2026-06-29,102060.2660,6146720996.8256,2.036933
2026-06-30,108494.1970,6358356662.2835,2.851224
2026-07-01,103471.2490,6208233551.5004,1.846880
2026-07-02,106938.4770,6581058037.6662,1.678719
2026-07-03,106236.1540,6649185983.6316,1.545606
2026-07-04,106397.7280,6715367081.1296,1.471770
2026-07-05,105283.1200,6698811383.3575,1.425500
2026-07-06,102690.9280,6574632628.8080,1.326108
2026-07-07,99418.2770,6296278784.3424,1.428606
2026-07-08,100362.5950,6248314221.9530,1.777498
2026-07-09,100146.6510,6329051472.7240,1.463200
2026-07-10,103937.4980,6665459777.9910,1.267569
2026-07-11,101386.2560,6467203161.2570,1.257379
2026-07-12,100679.5230,6418319591.2500,1.356064
2026-07-13,107308.9040,6686095881.5280,1.844178
2026-07-14,105378.4100,6851145712.6270,1.198157
2026-07-15,102994.6060,6666039336.7975,1.181259
2026-07-16,101759.8220,6492865497.4571,1.428831
2026-07-17,100175.4580,6401812818.9480,1.554607
2026-07-18,101424.4490,6572983839.0083,1.445022
2026-07-19,102374.6080,6623104789.6384,1.393155
2026-07-20,101264.6260,6605274763.2935,1.216682
2026-07-21,104322.6180,6939780491.3814,1.039057
2026-07-22,102239.4570,6756421156.0707,1.205576
2026-07-23,104584.9150,6805304178.1033,1.523600
2026-07-24,106114.8180,6803700116.8152,1.876511
2026-07-25,107509.0000,6917476416.9045,1.803789
2026-07-26,104354.1980,6821873937.9154,1.561707
2026-07-27,105602.9100,6729450397.1310,1.686139
2026-07-28,103253.2970,6598257390.1692,1.732655
2026-07-29,104348.7100,6674049577.7610,1.559813
2026-07-30,106595.9360,6902141264.7286,1.253597
2026-07-31,109523.5890,6884630899.8222,2.206912
2026-08-01,108516.0300,6813971110.5690,2.193579
2026-08-02,109126.5590,6934992824.4500,1.940104
2026-08-03,108556.0300,6893003948.1160,1.497978
2026-08-04,108225.6520,6934623587.2912,1.278559
2026-08-05,107104.8320,6922603001.0048,1.146927
2026-08-06,105767.5270,6800841409.3473,1.214127
2026-08-07,106954.6130,6939798035.1987,1.102477
2026-08-08,107208.9060,6960955962.3295,1.145850
2026-08-09,107032.4340,6943198658.0224,1.163776
2026-08-10,106280.2660,6795475183.8272,1.604240
2026-08-11,109213.8560,6940824504.8256,1.798623
2026-08-12,110938.0240,7042867172.2328,1.834866
2026-08-13,109583.4680,6953694869.9316,1.868576
2026-08-14,112009.3720,7040646807.3045,2.109019
2026-08-15,111486.5910,7031827200.1203,2.017912
2026-08-16,110943.2090,6975665209.0840,2.221569
2026-08-17,106515.9940,6867469410.9157,1.514448
2026-08-18,106372.5560,6880068152.2876,1.400257
2026-08-19,107346.9950,7435892715.2587,1.090138
2026-08-20,106936.1640,7761616704.0721,0.950469
2026-08-21,106173.2910,8319884665.9214,1.044258
2026-08-22,105789.8160,8155950496.3728,1.007469
2026-08-23,105241.3690,8157532138.7494,1.071404
2026-08-24,107269.1650,8464813621.5635,0.944888
2026-08-25,106450.2150,8362728890.4000,1.002369
2026-08-26,105822.3670,8314664437.6873,1.073533
2026-08-27,108765.2720,8722000588.0953,0.924042
2026-08-28,105873.2730,8229263623.3739,1.181990
2026-08-29,107732.7910,8423745434.3601,1.188759
2026-08-30,106427.4850,8246845764.5698,1.043869
2026-08-31,107951.1450,8475463911.8207,0.990105
2026-09-01,108330.4960,8389050261.2623,1.287813
2026-09-02,107575.0320,8309683536.8286,1.214272
2026-09-03,112964.1000,9172526770.2600,0.785129
2026-09-04,107952.8340,8593747279.8210,1.016622
2026-09-05,106370.2970,8478992801.1968,1.052138
2026-09-06,106204.0320,8473796918.7697,1.050003
2026-09-07,106954.6700,8458661001.6153,1.155611
2026-09-08,106545.0530,8360158117.3952,1.297125
2026-09-09,105112.1170,8220818670.5700,1.188289
2026-09-10,106957.0590,8206957955.2116,1.599651
2026-09-11,103115.4020,7964922373.6056,1.511384
2026-09-12,103198.2610,7970878882.2485,1.644335
2026-09-13,104891.6670,8056527398.2520,1.666734
2026-09-14,104405.3480,8225260734.8209,1.153261
2026-09-15,107446.4540,8127679566.3760,1.819369
2026-09-16,107918.8370,8169207747.5749,1.522682
2026-09-17,108231.5600,8269971326.3417,1.442751
2026-09-18,108106.3460,8771046223.1910,0.917346
2026-09-19,107782.8700,8765495794.1850,0.946313
2026-09-20,107777.7400,8745506156.7860,0.960953
2026-09-21,109010.3050,9431746005.0880,0.893894
2026-09-22,106794.0400,9195992066.7840,0.903535
2026-09-23,98340.5520,8316542196.0583,1.156592
2026-09-24,95949.2750,8088522776.3018,1.226236
2026-09-25,95300.4210,8012563966.3749,1.313108
2026-09-26,94389.7160,7964967811.5861,1.288172
2026-09-27,94212.3900,7947691376.8624,1.166686
2026-09-28,92737.3000,7741898320.7173,1.372173
2026-09-29,92597.6070,7737443385.9134,1.392439
2026-09-30,95441.0880,7981518674.9376,1.331156
2026-10-01,96963.3930,8212438409.9780,1.041360
2026-10-02,98175.2700,8298333419.4390,1.184412
2026-10-03,97323.0750,8245781179.2636,1.216343
2026-10-04,96836.0930,8382141893.6893,1.041819
2026-10-05,94653.9750,8117165210.8950,1.130036
