date,total_usd_mn
2024-01-11,655.3000
2024-01-12,203.0000
2024-01-15,0.0000
2024-01-16,-52.7000
2024-01-17,453.8000
2024-01-18,-126.6000
2024-01-19,43.6000
2024-01-22,-87.4000
2024-01-23,-106.1000
2024-01-24,-158.3000
2024-01-25,-79.8000
2024-01-26,14.8000
2024-01-29,255.1000
2024-01-30,247.3000
2024-01-31,197.6000
2024-02-01,38.5000
2024-02-02,80.0000
2024-02-05,68.1000
2024-02-06,33.6000
2024-02-07,146.0000
2024-02-08,405.0000
2024-02-09,541.5000
2024-02-12,493.4000
2024-02-13,636.3000
2024-02-14,339.7000
2024-02-15,477.4000
2024-02-16,330.3000
2024-02-19,0.0000
2024-02-20,135.6000
2024-02-21,-35.6000
2024-02-22,251.4000
2024-02-23,232.5000
2024-02-26,519.9000
2024-02-27,576.9000
2024-02-28,673.4000
2024-02-29,92.3000
2024-03-01,-139.6000
2024-03-04,562.7000
2024-03-05,648.3000
2024-03-06,332.0000
2024-03-07,472.5000
2024-03-08,223.0000
2024-03-11,505.4000
2024-03-12,1045.0000
2024-03-13,683.7000
2024-03-14,132.7000
2024-03-15,198.8000
2024-03-18,-154.3000
2024-03-19,-326.2000
2024-03-20,-261.5000
2024-03-21,-94.0000
2024-03-22,-51.6000
2024-03-25,15.4000
2024-03-26,418.0000
2024-03-27,243.5000
2024-03-28,182.8000
2024-03-29,0.0000
2024-04-01,-85.7000
2024-04-02,39.5000
2024-04-03,113.5000
2024-04-04,213.4000
2024-04-05,203.0000
2024-04-08,-223.8000
2024-04-09,-19.4000
2024-04-10,123.7000
2024-04-11,91.3000
2024-04-12,-55.1000
2024-04-15,-36.7000
2024-04-16,-58.0000
2024-04-17,-165.0000
2024-04-18,-4.3000
2024-04-19,59.7000
2024-04-22,62.2000
2024-04-23,31.6000
2024-04-24,-120.6000
2024-04-25,-217.6000
2024-04-26,-83.6000
2024-04-29,-51.6000
2024-04-30,-161.6000
2024-05-01,-563.7000
2024-05-02,-34.4000
2024-05-03,378.3000
2024-05-06,217.0000
2024-05-07,-15.7000
2024-05-08,11.5000
2024-05-09,-11.3000
2024-05-10,-84.7000
2024-05-13,66.0000
2024-05-14,100.5000
2024-05-15,303.0000
2024-05-16,257.3000
2024-05-17,221.5000
2024-05-20,237.2000
2024-05-21,305.7000
2024-05-22,154.0000
2024-05-23,107.9000
2024-05-24,251.9000
2024-05-27,0.0000
2024-05-28,45.0000
2024-05-29,28.3000
2024-05-30,48.8000
2024-05-31,48.8000
2024-06-03,105.1000
2024-06-04,886.6000
2024-06-05,488.1000
2024-06-06,217.7000
2024-06-07,131.0000
2024-06-10,-64.9000
2024-06-11,-200.4000
2024-06-12,100.8000
2024-06-13,-226.2000
2024-06-14,-189.9000
2024-06-17,-145.9000
2024-06-18,-152.4000
2024-06-19,0.0000
2024-06-20,-139.9000
2024-06-21,-105.9000
2024-06-24,-174.5000
2024-06-25,31.0000
2024-06-26,21.4000
2024-06-27,11.8000
2024-06-28,73.0000
2024-07-01,129.5000
2024-07-02,-13.7000
2024-07-03,-20.5000
2024-07-04,0.0000
2024-07-05,143.1000
2024-07-08,294.8000
2024-07-09,216.4000
2024-07-10,147.4000
2024-07-11,78.9000
2024-07-12,310.1000
2024-07-15,300.9000
2024-07-16,422.5000
2024-07-17,53.3000
2024-07-18,37.2000
2024-07-19,427.2000
2024-07-22,485.9000
2024-07-23,-78.0000
2024-07-24,44.5000
2024-07-25,31.1000
2024-07-26,51.8000
2024-07-29,124.1000
2024-07-30,-18.3000
2024-07-31,0.3000
2024-08-01,50.6000
2024-08-02,-237.4000
2024-08-05,-168.4000
2024-08-06,-148.6000
2024-08-07,45.1000
2024-08-08,194.6000
2024-08-09,-89.7000
2024-08-12,27.8000
2024-08-13,39.0000
2024-08-14,-81.4000
2024-08-15,11.1000
2024-08-16,35.9000
2024-08-19,62.1000
2024-08-20,88.0000
2024-08-21,39.5000
2024-08-22,64.8000
2024-08-23,252.0000
2024-08-26,202.6000
2024-08-27,-127.1000
2024-08-28,-105.3000
2024-08-29,-71.8000
2024-08-30,-175.6000
2024-09-02,0.0000
2024-09-03,-287.8000
2024-09-04,-37.2000
2024-09-05,-211.1000
2024-09-06,-170.0000
2024-09-09,28.6000
2024-09-10,117.0000
2024-09-11,-43.9000
2024-09-12,39.0000
2024-09-13,263.2000
2024-09-16,12.8000
2024-09-17,186.8000
2024-09-18,-52.7000
2024-09-19,158.3000
2024-09-20,92.0000
2024-09-23,4.5000
2024-09-24,136.0000
2024-09-25,105.9000
2024-09-26,365.7000
2024-09-27,494.4000
2024-09-30,61.3000
2024-10-01,-242.6000
2024-10-02,-91.7000
2024-10-03,-54.2000
2024-10-04,25.6000
2024-10-07,235.2000
2024-10-08,-18.6000
2024-10-09,-40.6000
2024-10-10,-120.8000
2024-10-11,253.6000
2024-10-14,555.9000
2024-10-15,371.0000
2024-10-16,458.5000
2024-10-17,470.5000
2024-10-18,273.7000
2024-10-21,294.3000
2024-10-22,-79.1000
2024-10-23,192.4000
2024-10-24,188.0000
2024-10-25,402.0000
2024-10-28,479.4000
2024-10-29,870.1000
2024-10-30,893.3000
2024-10-31,32.3000
2024-11-01,-54.9000
2024-11-04,-541.1000
2024-11-05,-116.8000
2024-11-06,621.9000
2024-11-07,1373.8000
2024-11-08,293.4000
2024-11-11,1114.1000
2024-11-12,817.5000
2024-11-13,510.1000
2024-11-14,-400.7000
2024-11-15,-370.0000
2024-11-18,254.8000
2024-11-19,829.5000
2024-11-20,773.4000
2024-11-21,1005.1000
2024-11-22,490.3000
2024-11-25,-435.3000
2024-11-26,-122.8000
2024-11-27,103.0000
2024-11-28,0.0000
2024-11-29,320.0000
2024-12-02,353.6000
2024-12-03,676.0000
2024-12-04,556.8000
2024-12-05,766.7000
2024-12-06,376.6000
2024-12-09,479.1000
2024-12-10,438.5000
2024-12-11,223.1000
2024-12-12,597.5000
2024-12-13,428.9000
2024-12-16,636.9000
2024-12-17,493.9000
2024-12-18,275.3000
2024-12-19,-671.9000
2024-12-20,-277.0000
2024-12-23,-226.5000
2024-12-24,-338.4000
2024-12-25,0.0000
2024-12-26,475.2000
2024-12-27,-287.9000
2024-12-30,-415.1000
2024-12-31,5.3000
2025-01-01,0.0000
2025-01-02,-242.3000
2025-01-03,908.1000
2025-01-06,978.6000
2025-01-07,52.4000
2025-01-08,-568.8000
2025-01-09,0.0000
2025-01-10,-149.4000
2025-01-13,-284.1000
2025-01-14,-209.8000
2025-01-15,755.1000
2025-01-16,626.1000
2025-01-17,1072.8000
2025-01-20,0.0000
2025-01-21,802.6000
2025-01-22,248.7000
2025-01-23,188.7000
2025-01-24,517.7000
2025-01-27,-457.6000
2025-01-28,18.4000
2025-01-29,92.0000
2025-01-30,588.1000
2025-01-31,318.6000
2025-02-03,-234.4000
2025-02-04,340.7000
2025-02-05,66.4000
2025-02-06,-140.2000
2025-02-07,171.3000
2025-02-10,-186.3000
2025-02-11,-56.7000
2025-02-12,-251.0000
2025-02-13,-157.8000
2025-02-14,66.2000
2025-02-17,0.0000
2025-02-18,-60.7000
2025-02-19,-71.2000
2025-02-20,-364.8000
2025-02-21,-62.9000
2025-02-24,-565.9000
2025-02-25,-1113.7000
2025-02-26,-757.8000
2025-02-27,-275.9000
2025-02-28,94.3000
2025-03-03,-74.2000
2025-03-04,-143.5000
2025-03-05,-38.3000
2025-03-06,-134.3000
2025-03-07,-409.3000
2025-03-10,-372.5000
2025-03-11,-396.3000
2025-03-12,13.3000
2025-03-13,-143.4000
2025-03-14,41.3000
2025-03-17,274.6000
2025-03-18,209.1000
2025-03-19,11.8000
2025-03-20,165.7000
2025-03-21,83.1000
2025-03-24,79.7000
2025-03-25,26.8000
2025-03-26,89.6000
2025-03-27,81.7000
2025-03-28,-94.9000
2025-03-31,-71.2000
2025-04-01,-157.8000
2025-04-02,220.8000
2025-04-03,-99.8000
2025-04-04,-64.9000
2025-04-07,-109.2000
2025-04-08,-328.0000
2025-04-09,-127.2000
2025-04-10,-149.5000
2025-04-11,-1.0000
2025-04-14,1.5000
2025-04-15,76.4000
2025-04-16,-169.8000
2025-04-17,106.9000
2025-04-18,0.0000
2025-04-21,387.4000
2025-04-22,936.5000
2025-04-23,917.0000
2025-04-24,442.0000
2025-04-25,380.0000
2025-04-28,591.2000
2025-04-29,172.8000
2025-04-30,-56.3000
2025-05-01,422.5000
2025-05-02,674.9000
2025-05-05,425.5000
2025-05-06,-85.7000
2025-05-07,142.3000
2025-05-08,117.4000
2025-05-09,334.5000
2025-05-12,5.2000
2025-05-13,-91.4000
2025-05-14,319.5000
2025-05-15,114.9000
2025-05-16,260.2000
2025-05-19,667.4000
2025-05-20,329.2000
2025-05-21,607.1000
2025-05-22,934.8000
2025-05-23,211.7000
2025-05-26,0.0000
2025-05-27,385.4000
2025-05-28,432.7000
2025-05-29,-346.8000
2025-05-30,-616.1000
2025-06-02,-267.5000
2025-06-03,375.1000
2025-06-04,87.0000
2025-06-05,-278.4000
2025-06-06,-47.8000
2025-06-09,386.2000
2025-06-10,431.2000
2025-06-11,164.6000
2025-06-12,86.3000
2025-06-13,322.7000
2025-06-16,412.2000
2025-06-17,216.5000
2025-06-18,388.3000
2025-06-19,0.0000
2025-06-20,6.4000
2025-06-23,350.6000
2025-06-24,588.6000
2025-06-25,547.7000
2025-06-26,226.7000
2025-06-27,501.2000
2025-06-30,102.1000
2025-07-01,-342.2000
2025-07-02,407.8000
2025-07-03,601.8000
2025-07-07,216.5000
2025-07-08,80.1000
2025-07-09,215.7000
2025-07-10,1175.6000
2025-07-11,1029.6000
2025-07-14,297.4000
2025-07-15,403.1000
2025-07-16,799.4000
2025-07-17,522.6000
2025-07-18,363.5000
2025-07-21,-131.4000
2025-07-22,-68.0000
2025-07-23,-85.8000
2025-07-24,226.7000
2025-07-25,130.8000
2025-07-28,157.1000
2025-07-29,80.0000
2025-07-30,47.1000
2025-07-31,-114.8000
2025-08-01,-812.3000
2025-08-04,-323.5000
2025-08-05,-196.2000
2025-08-06,91.6000
2025-08-07,277.4000
2025-08-08,403.9000
2025-08-11,178.1000
2025-08-12,65.9000
2025-08-13,86.9000
2025-08-14,230.8000
2025-08-15,-14.1000
2025-08-18,-121.7000
2025-08-19,-523.3000
2025-08-20,-315.9000
2025-08-21,-194.4000
2025-08-22,-23.2000
2025-08-25,219.1000
2025-08-26,88.1000
2025-08-27,81.4000
2025-08-28,178.9000
2025-08-29,-126.7000
2025-09-02,332.8000
2025-09-03,300.5000
2025-09-04,-222.9000
2025-09-05,-160.1000
2025-09-08,364.3000
2025-09-09,23.0000
2025-09-10,741.5000
2025-09-11,552.7000
2025-09-12,642.4000
2025-09-15,259.9000
2025-09-16,292.3000
2025-09-17,-51.3000
2025-09-18,163.0000
2025-09-19,222.6000
2025-09-22,-363.1000
2025-09-23,-103.8000
2025-09-24,241.0000
2025-09-25,-253.4000
2025-09-26,-418.3000
2025-09-29,518.0000
2025-09-30,429.9000
2025-10-01,675.8000
2025-10-02,627.2000
2025-10-03,985.1000
2025-10-06,1205.2000
2025-10-07,875.6000
2025-10-08,440.7000
2025-10-09,197.8000
2025-10-10,-4.5000
2025-10-13,-326.4000
2025-10-14,102.7000
2025-10-15,-104.1000
2025-10-16,-530.9000
2025-10-17,-366.6000
2025-10-20,-40.4000
2025-10-21,477.2000
2025-10-22,-101.4000
2025-10-23,20.3000
2025-10-24,90.6000
2025-10-27,149.3000
2025-10-28,202.4000
2025-10-29,-470.7000
2025-10-30,-488.4000
2025-10-31,-191.6000
2025-11-03,-186.5000
2025-11-04,-566.4000
2025-11-05,-137.0000
2025-11-06,239.9000
2025-11-07,-558.4000
2025-11-10,1.2000
2025-11-11,524.0000
2025-11-12,-278.1000
2025-11-13,-866.7000
2025-11-14,-492.1000
2025-11-17,-254.6000
2025-11-18,-372.8000
2025-11-19,75.4000
2025-11-20,-903.2000
2025-11-21,238.4000
2025-11-24,-151.0000
2025-11-25,128.7000
2025-11-26,21.1000
2025-11-28,71.4000
2025-12-01,8.5000
2025-12-02,58.5000
2025-12-03,-14.9000
2025-12-04,-194.6000
2025-12-05,54.8000
2025-12-08,-60.4000
2025-12-09,151.9000
2025-12-10,223.5000
2025-12-11,-77.5000
2025-12-12,49.1000
2025-12-15,-357.6000
2025-12-16,-277.2000
2025-12-17,457.3000
2025-12-18,-161.3000
2025-12-19,-158.3000
2025-12-22,-142.2000
2025-12-23,-188.6000
2025-12-24,-175.3000
2025-12-26,-275.9000
2025-12-29,-19.3000
2025-12-30,355.1000
2025-12-31,-348.1000
2026-01-02,471.3000
2026-01-05,697.2000
2026-01-06,-243.2000
2026-01-07,-486.1000
2026-01-08,-398.8000
2026-01-09,-250.0000
2026-01-12,116.7000
2026-01-13,753.8000
2026-01-14,840.6000
2026-01-15,100.2000
2026-01-16,-394.7000
2026-01-20,-479.7000
2026-01-21,-708.7000
2026-01-22,-32.2000
2026-01-23,-103.5000
2026-01-26,6.8000
2026-01-27,-147.4000
2026-01-28,-19.6000
2026-01-29,-817.8000
2026-01-30,-509.7000
2026-02-02,561.8000
2026-02-03,-272.0000
2026-02-04,-544.9000
2026-02-05,-434.1000
2026-02-06,371.1000
2026-02-09,144.9000
2026-02-10,166.5000
2026-02-11,-276.3000
2026-02-12,-410.2000
2026-02-13,15.1000
2026-02-17,-104.9000
2026-02-18,-133.3000
2026-02-19,-165.8000
2026-02-20,88.1000
2026-02-23,-203.8000
2026-02-24,257.7000
2026-02-25,506.6000
2026-02-26,254.4000
2026-02-27,-27.5000
2026-03-02,458.2000
2026-03-03,225.2000
2026-03-04,461.9000
2026-03-05,-227.9000
2026-03-06,-348.9000
2026-03-09,167.1000
2026-03-10,246.9000
2026-03-11,115.2000
2026-03-12,53.8000
2026-03-13,180.4000
2026-03-16,199.4000
2026-03-17,199.4000
2026-03-18,-163.5000
2026-03-19,-90.2000
2026-03-20,-52.0000
2026-03-23,167.2000
2026-03-24,-74.5000
2026-03-25,7.8000
2026-03-26,-171.3000
2026-03-27,-225.5000
2026-03-30,69.4000
2026-03-31,117.5000
2026-04-01,-173.7000
2026-04-02,9.0000
2026-04-06,471.4000
2026-04-07,-159.1000
2026-04-08,-93.9000
2026-04-09,358.1000
2026-04-10,256.7000
2026-04-13,-291.0000
2026-04-14,411.4000
2026-04-15,186.1000
2026-04-16,26.1000
2026-04-17,663.9000
2026-04-20,238.4000
2026-04-21,11.8000
2026-04-22,335.8000
2026-04-23,223.3000
2026-04-24,14.4000
2026-04-27,-263.2000
2026-04-28,-89.7000
2026-04-29,-137.6000
2026-04-30,23.5000
2026-05-01,629.8000
2026-05-04,532.3000
2026-05-05,467.3000
2026-05-06,46.2000
2026-05-07,-268.5000
2026-05-08,-145.7000
2026-05-11,27.2000
2026-05-12,-233.2000
2026-05-13,-630.4000
2026-05-14,131.3000
2026-05-15,-290.4000
2026-05-18,-648.6000
2026-05-19,-331.1000
2026-05-20,-70.5000
2026-05-21,-100.9000
2026-05-22,-105.2000
2026-05-26,-333.6000
2026-05-27,-733.4000
2026-05-28,-223.3000
2026-05-29,-125.3000
2026-06-01,-483.8000
2026-06-02,-519.1000
2026-06-03,-396.6000
2026-06-04,3.2000
2026-06-05,-325.7000
2026-06-08,-91.4000
2026-06-09,-77.4000
2026-06-10,-213.9000
2026-06-11,-22.5000
2026-06-12,85.9000
2026-06-15,-64.8000
2026-06-16,10.2000
2026-06-17,-82.2000
2026-06-18,-90.7000
2026-06-22,-68.3000
2026-06-23,-113.8000
2026-06-24,-469.0000
2026-06-25,-691.7000
2026-06-26,-444.5000
2026-06-29,-231.0000
2026-06-30,-222.6000
2026-07-01,-296.0000
2026-07-02,223.5000
2026-07-06,265.7000
2026-07-07,21.5000
2026-07-08,-84.9000
2026-07-09,-95.3000
2026-07-10,90.4000
2026-07-13,-424.7000
2026-07-14,181.1000
2026-07-15,107.7000
2026-07-16,79.1000
2026-07-17,132.3000
2026-07-20,226.8000
2026-07-21,203.2000
2026-07-22,69.1000
2026-07-23,-225.1000
2026-07-24,-240.1000
2026-07-27,-11.6000
2026-07-28,-49.7000
2026-07-29,32.1000
2026-07-30,233.1000
2026-07-31,-265.4000
2026-08-03,170.1000
2026-08-04,211.5000
2026-08-05,244.4000
2026-08-06,137.6000
2026-08-07,101.7000
2026-08-10,-144.6000
2026-08-11,7.8000
2026-08-12,-61.1000
2026-08-13,-131.1000
2026-08-14,-56.2000
2026-08-17,297.5000
2026-08-18,189.3000
2026-08-19,517.2000
2026-08-20,606.3000
2026-08-21,307.5000
2026-08-24,337.6000
2026-08-25,314.3000
2026-08-26,232.2000
2026-08-27,242.3000
2026-08-28,-201.9000
2026-08-31,216.7000
2026-09-01,-236.5000
2026-09-02,101.1000
2026-09-03,730.8000
2026-09-04,174.6000
2026-09-08,-46.6000
2026-09-09,-120.2000
2026-09-10,-282.7000
2026-09-11,-13.2000
2026-09-14,159.9000
2026-09-15,-450.4000
2026-09-16,-295.9000
2026-09-17,159.5000
2026-09-18,433.0000
2026-09-21,999.0000
2026-09-22,714.7000
2026-09-23,346.9000
2026-09-24,190.7000
2026-09-25,134.5000
2026-09-28,31.0000
2026-09-29,66.2000
2026-09-30,-148.7000
2026-10-01,102.7000
2026-10-02,189.9000
2026-10-05,-89.8000
2026-10-06,118.8000
2026-10-07,-484.9000
2026-10-08,0.0000
