date,dim,name,from,to,head,trigger
2026-09-28,earnings,盈利,,平稳,修正：核心篮子有数的 8 家，30 日 EPS 修正中位数 +0.46%（高于 +2% 为上修，低于 -2% 为下修）；扩散：强上修 4 家、强下修 2 家，强上修在扩散（至少 3 家且多于另一边才算扩散）,开始记录
2026-09-28,valuation,估值,,贵,市盈率：核心篮子远期市盈率中位数 25.3 倍，盈利收益率 3.95%（不是标普指数官方的远期市盈率）；风险溢价：10 年实际利率 2.85%，盈利收益率减去它是 1.10%（低于 2% 为贵，高于 4% 为便宜）,开始记录
2026-09-28,sentiment,情绪,,风险偏好平静，但调查偏悲观 · 参与度正常 · 杠杆扩张 · 集中,风险偏好：VIX 14.9，低于 15，平静；CNN 恐贪 37，在中间；AAII 牛熊差 -15.4 个百分点，≤ −15，悲观；参与度：标普成分股里 49% 站上 200 日均线，不低于 40%；杠杆：客户融资余额同比 +37.2%（高于 +20% 为扩张，低于 0 为去杠杆）；比标普指数同比 +18 个百分点，高过 10 个百分点，融资比指数涨得更快；集中度：跟踪标普 500 的 ETF 前十大权重合计 38.9%，达到 30%，少数公司就能带动指数,开始记录
2026-09-28,overall,整体判断,,估值偏贵,估值偏贵：盈利修正接近持平，但估值已贵,开始记录
2026-09-28,earnings,盈利,平稳,兑现强 · 指引偏多 · 小幅净下修,兑现：Q2 2026 已披露 99.2%，EPS 超预期 86.1%（达到 80% 为兑现强，低于 70% 为偏弱）；surprise +8.5%（LSEG 口径，不和另一种来源比）；指引：季度净指引 +25 家（大于 0 为偏多，小于 0 为偏空），正面占比 57.0%；修正：主线里的 FY1 修正 220 次上修、246 次下修，净占比 -5.6 个百分点（达到 ±10 才改成上修或下修）。年度增速 35.3%，较上一篇 +0.3 个百分点，和修正次数不是同一件事；当季增速：Q2 2026 EPS 同比 53.7%。换季时会跳，不单独决定上修或下修,改用标普 500 盈利周报
2026-09-28,valuation,估值,贵,大致合理,市盈率：标普 500 远期市盈率 20.2 倍，盈利收益率 4.95%（盈利周报里的未来四季市盈率，不是个股中位数）；风险溢价：10 年实际利率 2.85%，盈利收益率减去它是 2.10%（低于 2% 为贵，高于 4% 为便宜）,改用标普 500 盈利周报
2026-09-28,overall,整体判断,估值偏贵,中性,中性：盈利修正接近持平，估值大致合理,改用标普 500 盈利周报
2026-09-29,sentiment,情绪,风险偏好平静，但调查偏悲观 · 参与度正常 · 杠杆扩张 · 集中,风险偏好正常，调查偏悲观 · 参与度正常 · 杠杆扩张 · 集中,风险偏好：VIX 16.1，在 15–25，正常；CNN 恐贪 34，在中间；AAII 牛熊差 -15.4 个百分点，≤ −15，悲观；参与度：标普成分股里 48% 站上 200 日均线，不低于 40%；杠杆：客户融资余额同比 +37.2%（高于 +20% 为扩张，低于 0 为去杠杆）；比标普指数同比 +18 个百分点，高过 10 个百分点，融资比指数涨得更快；集中度：跟踪标普 500 的 ETF 前十大权重合计 38.9%，达到 30%，少数公司就能带动指数,盈利跟踪（每日笔记） 更新到 2026-09-28；情绪序列（每日笔记） 更新到 2026-09-28；日历（旧站） 更新到 2026-09-29
2026-10-02,sentiment,情绪,风险偏好正常，调查偏悲观 · 参与度正常 · 杠杆扩张 · 集中,风险偏好正常 · 参与度正常 · 杠杆扩张 · 集中,风险偏好：VIX 16.4，在 15–25，正常；CNN 恐贪 28，在中间；AAII 牛熊差 -11.9 个百分点，在中间；参与度：标普成分股里 44% 站上 200 日均线，不低于 40%；杠杆：客户融资余额同比 +37.2%（高于 +20% 为扩张，低于 0 为去杠杆）；比标普指数同比 +18 个百分点，高过 10 个百分点，融资比指数涨得更快；集中度：跟踪标普 500 的 ETF 前十大权重合计 39.0%，达到 30%，少数公司就能带动指数,盈利跟踪（每日笔记） 更新到 2026-10-01；情绪序列（每日笔记） 更新到 2026-10-01；日历（旧站） 更新到 2026-10-02；前十大权重（ETF 持仓） 更新到 2026-09-30
2026-10-04,earnings,盈利,兑现强 · 指引偏多 · 小幅净下修,披露未过半 · 指引偏多 · 小幅净上修,披露：实际披露 2.6%，不到 50%，超预期比例先不作数；指引：季度净指引 +25 家（大于 0 为偏多，小于 0 为偏空），正面占比 57.0%；修正：主线里的 FY1 修正 344 次上修、327 次下修，净占比 +2.5 个百分点（达到 ±10 才改成上修或下修）。年度增速 35.8%，较上一篇 +0.5 个百分点，和修正次数不是同一件事；当季增速：Q3 2026 EPS 同比 30.6%。换季时会跳，不单独决定上修或下修,盈利跟踪（每日笔记） 更新到 2026-10-03；情绪序列（每日笔记） 更新到 2026-10-03；日历（旧站） 更新到 2026-10-04；前十大权重（ETF 持仓） 更新到 2026-10-01；标普 500 盈利周报 更新到 2026-10-01
2026-10-10,sentiment,情绪,风险偏好正常 · 参与度正常 · 杠杆扩张 · 集中,风险偏好平静 · 参与度正常 · 杠杆扩张 · 集中,风险偏好：VIX 14.8，低于 15，平静；CNN 恐贪 45，在中间；AAII 牛熊差 -11.9 个百分点，在中间；参与度：标普成分股里 47% 站上 200 日均线，不低于 40%；杠杆：客户融资余额同比 +37.2%（高于 +20% 为扩张，低于 0 为去杠杆）；比标普指数同比 +18 个百分点，高过 10 个百分点，融资比指数涨得更快；集中度：跟踪标普 500 的 ETF 前十大权重合计 39.1%，达到 30%，少数公司就能带动指数,盈利跟踪（每日笔记） 更新到 2026-10-09；情绪序列（每日笔记） 更新到 2026-10-09；日历（旧站） 更新到 2026-10-10；前十大权重（ETF 持仓） 更新到 2026-10-08
