date,ticker,close,next_fy_eps,revision_30d,up30,down30,revision_signal
2026-09-09,AMZN,252.40,10.49,0.69,43,4,强上修
2026-09-09,AVGO,364.38,19.39,-0.87,6,1,强上修
2026-09-09,GOOGL,330.65,14.86,0.64,10,2,强上修
2026-09-09,INTC,106.24,2.04,0.03,33,0,强上修
2026-09-09,MSFT,491.65,23.57,0.42,19,3,强上修
2026-09-09,MU,1027.77,155.03,-0.02,2,2,中性
2026-09-09,NVDA,223.67,15.52,20.90,39,0,强上修
2026-09-09,ORCL,161.63,10.97,0.72,3,0,温和上修
2026-09-09,SNDK,1764.17,264.72,6.56,7,4,温和上修
2026-09-09,TSM,435.36,21.93,1.47,9,0,强上修
2026-09-10,AMZN,251.89,10.49,0.69,43,4,强上修
2026-09-10,AVGO,360.83,19.39,-0.87,6,1,强上修
2026-09-10,GOOGL,332.60,14.86,0.64,10,2,强上修
2026-09-10,INTC,100.32,2.04,0.03,33,0,强上修
2026-09-10,META,644.38,33.94,-0.13,7,39,强下修
2026-09-10,MSFT,492.44,23.57,0.42,19,3,强上修
2026-09-10,MU,977.41,155.03,-0.02,2,2,中性
2026-09-10,NVDA,218.36,15.52,20.90,39,0,强上修
2026-09-10,ORCL,152.94,10.97,0.70,3,0,温和上修
2026-09-10,QCOM,176.88,10.22,-0.46,3,27,强下修
2026-09-10,SNDK,1692.59,264.72,6.56,7,4,温和上修
2026-09-10,TSM,428.03,21.93,1.47,9,0,强上修
2026-09-11,AMZN,256.78,10.49,0.20,43,4,强上修
2026-09-11,AVGO,361.99,19.38,-1.09,6,1,强上修
2026-09-11,GOOGL,338.50,14.88,0.73,10,2,强上修
2026-09-11,INTC,102.94,2.04,0.22,33,0,强上修
2026-09-11,META,648.03,33.94,-0.13,7,39,强下修
2026-09-11,MSFT,495.63,23.57,0.09,19,3,强上修
2026-09-11,MU,975.26,155.03,-0.02,2,2,中性
2026-09-11,NVDA,218.29,15.52,20.90,39,0,强上修
2026-09-11,ORCL,150.28,11.02,1.09,3,0,温和上修
2026-09-11,QCOM,181.97,10.22,-0.46,3,27,强下修
2026-09-11,SNDK,1633.35,264.72,6.56,7,4,温和上修
2026-09-11,TSM,433.24,21.93,1.47,9,0,强上修
2026-09-12,AMZN,256.78,10.49,0.20,43,4,强上修
2026-09-12,AVGO,361.99,19.38,-1.09,6,1,强上修
2026-09-12,GOOGL,338.50,14.88,0.73,10,2,强上修
2026-09-12,INTC,102.94,2.04,0.22,33,0,强上修
2026-09-12,META,648.03,33.94,-0.13,7,39,强下修
2026-09-12,MSFT,495.63,23.57,0.09,19,3,强上修
2026-09-12,MU,975.26,155.03,-0.02,2,2,中性
2026-09-12,NVDA,218.29,15.52,20.90,39,0,强上修
2026-09-12,ORCL,150.28,11.02,1.09,3,0,温和上修
2026-09-12,QCOM,181.97,10.22,-0.46,3,27,强下修
2026-09-12,SNDK,1633.35,264.72,6.56,7,4,温和上修
2026-09-12,TSM,433.24,21.93,1.47,9,0,强上修
2026-09-13,AMZN,256.78,10.49,0.09,12,1,强上修
2026-09-13,AVGO,361.99,19.38,-1.09,10,24,强下修
2026-09-13,GOOGL,338.50,14.88,0.73,10,2,强上修
2026-09-13,INTC,102.94,2.04,0.23,4,1,温和上修
2026-09-13,META,648.03,33.94,-0.13,7,39,强下修
2026-09-13,MSFT,495.63,23.57,0.09,19,3,强上修
2026-09-13,MU,975.26,156.07,0.25,2,2,中性
2026-09-13,NVDA,218.29,15.57,21.26,41,0,强上修
2026-09-13,ORCL,150.28,10.99,0.84,3,0,温和上修
2026-09-13,QCOM,181.97,10.22,0.03,3,27,强下修
2026-09-13,SNDK,1633.35,264.72,6.56,7,4,温和上修
2026-09-13,TSM,433.24,21.93,1.47,9,0,强上修
2026-09-14,AMZN,253.54,10.49,0.09,12,1,强上修
2026-09-14,AVGO,344.72,19.38,-1.09,10,24,强下修
2026-09-14,GOOGL,349.39,14.88,0.73,10,2,强上修
2026-09-14,INTC,97.19,2.04,0.23,4,1,温和上修
2026-09-14,META,665.60,33.94,-0.13,7,39,强下修
2026-09-14,MSFT,505.41,23.57,0.09,19,3,强上修
2026-09-14,MU,924.03,156.07,0.25,2,2,中性
2026-09-14,NVDA,210.96,15.57,21.26,41,0,强上修
2026-09-14,ORCL,144.79,10.99,0.84,3,0,温和上修
2026-09-14,QCOM,180.15,10.22,0.03,3,27,强下修
2026-09-14,SNDK,1551.99,264.72,6.56,7,4,温和上修
2026-09-14,TSM,418.01,21.93,1.47,9,0,强上修
2026-09-15,AMZN,248.42,10.49,-0.14,8,1,强上修
2026-09-15,AVGO,339.27,19.38,-1.09,11,25,温和下修
2026-09-15,GOOGL,344.98,14.88,0.69,8,1,强上修
2026-09-15,INTC,97.14,2.04,0.23,4,1,温和上修
2026-09-15,META,670.24,33.94,-0.13,7,39,强下修
2026-09-15,MSFT,497.12,23.59,0.08,19,3,强上修
2026-09-15,MU,927.60,156.07,0.25,2,2,中性
2026-09-15,NVDA,212.17,15.61,21.80,42,0,强上修
2026-09-15,ORCL,140.35,10.98,0.63,4,0,温和上修
2026-09-15,QCOM,187.80,10.20,0.02,3,27,强下修
2026-09-15,SNDK,1530.89,264.72,6.56,7,4,温和上修
2026-09-15,TSM,413.75,21.93,0.66,9,0,强上修
2026-09-16,AMZN,245.96,10.49,-0.14,8,1,强上修
2026-09-16,AVGO,339.51,19.38,-1.09,11,25,温和下修
2026-09-16,GOOGL,342.87,14.88,0.69,8,1,强上修
2026-09-16,INTC,101.05,2.04,0.23,4,1,温和上修
2026-09-16,META,673.31,33.94,-0.13,7,39,强下修
2026-09-16,MSFT,490.30,23.59,0.08,19,3,强上修
2026-09-16,MU,926.55,156.07,0.25,2,2,中性
2026-09-16,NVDA,213.90,15.61,21.80,42,0,强上修
2026-09-16,ORCL,143.16,10.98,0.63,4,0,温和上修
2026-09-16,QCOM,184.84,10.20,0.02,3,27,强下修
2026-09-16,SNDK,1519.97,264.72,6.56,7,4,温和上修
2026-09-16,TSM,417.72,21.93,0.66,9,0,强上修
2026-09-17,AMZN,251.19,10.47,-0.36,8,1,强上修
2026-09-17,AVGO,347.30,19.38,-1.09,11,25,温和下修
2026-09-17,GOOGL,347.33,14.86,0.60,8,1,强上修
2026-09-17,INTC,108.80,2.06,1.08,4,1,温和上修
2026-09-17,META,682.31,33.87,-0.34,7,39,强下修
2026-09-17,MSFT,497.75,23.59,0.08,19,3,强上修
2026-09-17,MU,977.50,156.53,0.55,2,2,中性
2026-09-17,NVDA,219.34,15.68,22.32,42,0,强上修
2026-09-17,ORCL,150.59,10.99,0.72,4,0,温和上修
2026-09-17,QCOM,188.71,10.20,0.02,3,27,强下修
2026-09-17,SNDK,1614.39,264.72,6.56,7,4,温和上修
2026-09-17,TSM,430.26,21.93,0.66,9,0,强上修
2026-09-18,AMZN,253.71,10.47,-0.36,8,1,强上修
2026-09-18,AVGO,357.61,19.38,-1.09,11,25,温和下修
2026-09-18,GOOGL,349.54,14.86,0.60,8,1,强上修
2026-09-18,INTC,108.60,2.06,1.08,4,1,温和上修
2026-09-18,META,665.75,33.87,-0.34,7,39,强下修
2026-09-18,MSFT,493.78,23.59,0.08,19,3,强上修
2026-09-18,MU,1015.80,156.53,0.55,2,2,中性
2026-09-18,NVDA,222.27,15.68,22.32,42,0,强上修
2026-09-18,ORCL,147.61,10.99,0.72,4,0,温和上修
2026-09-18,QCOM,177.72,10.20,0.02,3,27,强下修
2026-09-18,SNDK,1791.82,264.72,6.56,7,4,温和上修
2026-09-18,TSM,434.67,21.93,0.66,9,0,强上修
2026-09-19,AMZN,253.71,10.47,-0.36,8,1,强上修
2026-09-19,AVGO,357.61,19.38,-1.09,11,25,温和下修
2026-09-19,GOOGL,349.54,14.91,0.88,8,1,强上修
2026-09-19,INTC,108.60,2.06,1.08,4,1,温和上修
2026-09-19,META,665.75,33.87,-0.34,7,39,强下修
2026-09-19,MSFT,493.78,23.59,0.08,19,3,强上修
2026-09-19,MU,1015.80,156.53,0.62,2,2,中性
2026-09-19,NVDA,222.27,15.68,21.71,42,0,强上修
2026-09-19,ORCL,147.61,11.00,0.75,4,0,温和上修
2026-09-19,QCOM,177.72,10.20,0.02,3,27,强下修
2026-09-19,SNDK,1791.82,264.72,0.22,7,4,温和上修
2026-09-19,TSM,434.67,21.93,0.66,9,0,强上修
2026-09-20,AMZN,253.71,10.47,-0.36,8,1,强上修
2026-09-20,AVGO,357.61,19.38,-1.09,11,25,温和下修
2026-09-20,GOOGL,349.54,14.91,0.88,8,1,强上修
2026-09-20,INTC,108.60,2.06,1.08,4,1,温和上修
2026-09-20,META,665.75,33.87,-0.34,7,39,强下修
2026-09-20,MSFT,493.78,23.59,0.08,19,3,强上修
2026-09-20,MU,1015.80,156.53,0.62,2,2,中性
2026-09-20,NVDA,222.27,15.68,21.71,42,0,强上修
2026-09-20,ORCL,147.61,11.00,0.75,4,0,温和上修
2026-09-20,QCOM,177.72,10.20,0.02,3,27,强下修
2026-09-20,SNDK,1791.82,264.72,0.22,7,4,温和上修
2026-09-20,TSM,434.67,21.93,0.66,9,0,强上修
2026-09-21,AMZN,253.71,10.47,-0.36,8,1,强上修
2026-09-21,AVGO,357.61,19.38,-1.09,11,25,温和下修
2026-09-21,GOOGL,349.54,14.91,0.88,8,1,强上修
2026-09-21,INTC,108.60,2.06,1.08,4,1,温和上修
2026-09-21,META,665.75,33.87,-0.34,7,39,强下修
2026-09-21,MSFT,493.78,23.59,0.08,19,3,强上修
2026-09-21,MU,1015.80,156.53,0.62,2,2,中性
2026-09-21,NVDA,222.27,15.68,21.71,42,0,强上修
2026-09-21,ORCL,147.61,11.00,0.75,4,0,温和上修
2026-09-21,QCOM,177.72,10.20,0.02,3,27,强下修
2026-09-21,SNDK,1791.82,264.72,0.22,7,4,温和上修
2026-09-21,TSM,434.67,21.93,0.66,9,0,强上修
2026-09-22,AMZN,258.45,,,,,无
2026-09-22,AVGO,362.66,,,,,无
2026-09-22,GOOGL,354.97,,,,,无
2026-09-22,INTC,121.78,,,,,无
2026-09-22,META,741.25,,,,,无
2026-09-22,MSFT,501.61,,,,,无
2026-09-22,MU,1043.96,,,,,无
2026-09-22,NVDA,227.38,,,,,无
2026-09-22,ORCL,148.56,,,,,无
2026-09-22,QCOM,194.23,,,,,无
2026-09-22,SNDK,1766.64,,,,,无
2026-09-22,TSM,445.14,,,,,无
2026-09-23,AMZN,254.98,,,,,无
2026-09-23,AVGO,364.54,,,,,无
2026-09-23,GOOGL,351.16,,,,,无
2026-09-23,INTC,123.86,,,,,无
2026-09-23,META,736.60,,,,,无
2026-09-23,MSFT,498.00,,,,,无
2026-09-23,MU,1096.16,,,,,无
2026-09-23,NVDA,228.87,,,,,无
2026-09-23,ORCL,149.20,,,,,无
2026-09-23,QCOM,198.27,,,,,无
2026-09-23,SNDK,1887.04,,,,,无
2026-09-23,TSM,452.00,,,,,无
2026-09-24,AMZN,249.27,,,,,无
2026-09-24,AVGO,354.99,,,,,无
2026-09-24,GOOGL,337.83,,,,,无
2026-09-24,INTC,122.60,,,,,无
2026-09-24,META,744.10,,,,,无
2026-09-24,MSFT,500.59,,,,,无
2026-09-24,MU,1071.88,,,,,无
2026-09-24,NVDA,225.51,,,,,无
2026-09-24,ORCL,144.56,,,,,无
2026-09-24,QCOM,197.24,,,,,无
2026-09-24,SNDK,1816.57,,,,,无
2026-09-24,TSM,446.57,,,,,无
2026-09-25,AMZN,249.38,,,,,无
2026-09-25,AVGO,350.36,,,,,无
2026-09-25,GOOGL,342.36,,,,,无
2026-09-25,INTC,127.39,,,,,无
2026-09-25,META,777.59,,,,,无
2026-09-25,MSFT,497.93,,,,,无
2026-09-25,MU,1080.53,,,,,无
2026-09-25,NVDA,224.58,,,,,无
2026-09-25,ORCL,139.54,,,,,无
2026-09-25,QCOM,194.26,,,,,无
2026-09-25,SNDK,1753.62,,,,,无
2026-09-25,TSM,451.15,,,,,无
2026-09-26,AMZN,249.67,10.50,0.10,8,1,强上修
2026-09-26,AVGO,352.81,19.38,-0.96,11,25,温和下修
2026-09-26,GOOGL,343.92,14.92,0.57,8,1,强上修
2026-09-26,INTC,123.00,2.06,1.05,4,1,温和上修
2026-09-26,META,751.66,34.03,0.32,7,39,强下修
2026-09-26,MSFT,516.17,23.68,0.44,19,3,强上修
2026-09-26,MU,1082.28,159.49,2.37,2,2,中性
2026-09-26,NVDA,225.07,15.68,19.46,42,0,强上修
2026-09-26,ORCL,137.10,11.00,0.75,4,0,温和上修
2026-09-26,QCOM,201.97,10.18,-0.24,3,27,强下修
2026-09-26,SNDK,1777.80,263.49,-0.47,7,4,温和上修
2026-09-26,TSM,450.61,21.93,0.66,9,0,强上修
2026-09-27,AMZN,249.67,10.50,0.10,8,1,强上修
2026-09-27,AVGO,352.81,19.38,-0.96,11,25,温和下修
2026-09-27,GOOGL,343.92,14.92,0.57,8,1,强上修
2026-09-27,INTC,123.00,2.06,1.05,4,1,温和上修
2026-09-27,META,751.66,34.03,0.25,7,39,强下修
2026-09-27,MSFT,516.17,23.68,0.44,19,3,强上修
2026-09-27,MU,1082.28,159.49,2.37,2,2,中性
2026-09-27,NVDA,225.07,15.68,19.46,42,0,强上修
2026-09-27,ORCL,137.10,11.00,0.75,4,0,温和上修
2026-09-27,QCOM,201.97,10.18,-0.24,3,27,强下修
2026-09-27,SNDK,1777.80,263.49,-0.47,7,4,温和上修
2026-09-27,TSM,450.61,21.93,0.66,9,0,强上修
2026-09-28,AMZN,246.15,10.50,0.10,8,1,强上修
2026-09-28,AVGO,349.57,19.38,-0.96,11,25,温和下修
2026-09-28,GOOGL,342.75,14.94,0.57,8,1,强上修
2026-09-28,INTC,116.03,2.06,1.05,4,1,温和上修
2026-09-28,META,715.62,34.03,0.25,7,39,强下修
2026-09-28,MSFT,509.22,23.68,0.44,19,3,强上修
2026-09-28,MU,1053.98,160.19,2.81,2,2,中性
2026-09-28,NVDA,228.86,15.68,19.46,42,0,强上修
2026-09-28,ORCL,132.60,11.00,0.65,4,0,温和上修
2026-09-28,QCOM,187.48,10.18,-0.24,3,27,强下修
2026-09-28,SNDK,1712.89,263.49,-0.47,7,4,温和上修
2026-09-28,TSM,452.88,21.93,0.66,9,0,强上修
2026-09-29,AMZN,246.67,10.50,0.10,8,1,强上修
2026-09-29,AVGO,355.10,19.38,-0.94,11,25,温和下修
2026-09-29,GOOGL,340.92,14.94,0.57,8,1,强上修
2026-09-29,INTC,115.93,2.06,1.05,4,1,温和上修
2026-09-29,META,738.79,34.03,0.25,7,39,强下修
2026-09-29,MSFT,508.96,23.68,0.44,19,3,强上修
2026-09-29,MU,1065.08,161.49,3.65,2,2,中性
2026-09-29,NVDA,227.21,15.68,2.46,42,0,强上修
2026-09-29,ORCL,137.79,11.00,0.65,4,0,温和上修
2026-09-29,QCOM,184.10,10.20,0.02,3,27,强下修
2026-09-29,SNDK,1729.76,263.49,-0.47,7,4,温和上修
2026-09-29,TSM,456.94,21.93,0.66,9,0,强上修
2026-09-30,AMZN,249.15,10.50,0.10,8,1,强上修
2026-09-30,AVGO,351.19,19.38,-0.96,11,25,温和下修
2026-09-30,GOOGL,344.08,14.95,0.66,8,1,强上修
2026-09-30,INTC,120.23,2.06,1.05,4,1,温和上修
2026-09-30,META,725.18,34.03,0.25,7,39,强下修
2026-09-30,MSFT,512.90,23.64,0.30,19,3,强上修
2026-09-30,MU,1065.11,181.98,6.41,3,1,温和上修
2026-09-30,NVDA,228.38,15.68,2.46,42,0,强上修
2026-09-30,ORCL,137.30,11.00,0.65,4,0,温和上修
2026-09-30,QCOM,184.04,10.20,0.02,3,27,强下修
2026-09-30,SNDK,1739.89,263.49,-0.47,7,4,温和上修
2026-09-30,TSM,456.19,21.93,0.66,9,0,强上修
2026-10-01,AMZN,248.23,10.50,0.10,8,1,强上修
2026-10-01,AVGO,343.64,19.39,-0.89,11,25,温和下修
2026-10-01,GOOGL,338.24,14.95,0.66,8,1,强上修
2026-10-01,INTC,120.00,2.06,1.05,4,1,温和上修
2026-10-01,META,725.93,34.07,0.36,7,39,强下修
2026-10-01,MSFT,512.80,23.65,0.31,19,3,强上修
2026-10-01,MU,1097.39,205.30,20.04,3,1,温和上修
2026-10-01,NVDA,230.86,15.70,1.89,42,0,强上修
2026-10-01,ORCL,138.07,11.00,0.65,4,0,温和上修
2026-10-01,QCOM,182.09,10.20,0.02,3,27,强下修
2026-10-01,SNDK,1787.69,263.49,-0.47,7,4,温和上修
2026-10-01,TSM,459.20,21.93,0.66,9,0,强上修
2026-10-02,AMZN,,10.50,,8,1,强上修
2026-10-02,AVGO,,19.39,,11,25,温和下修
2026-10-02,GOOGL,,14.95,,8,1,强上修
2026-10-02,INTC,,2.06,,4,1,温和上修
2026-10-02,META,,34.07,,7,39,强下修
2026-10-02,MSFT,,23.65,,19,3,强上修
2026-10-02,MU,,205.30,,3,1,温和上修
2026-10-02,NVDA,,15.70,,42,0,强上修
2026-10-02,ORCL,,11.00,,4,0,温和上修
2026-10-02,QCOM,,10.20,,3,27,强下修
2026-10-02,SNDK,,263.49,,7,4,温和上修
2026-10-02,TSM,,21.93,,9,0,强上修
2026-10-03,AMZN,251.52,10.50,0.10,8,1,强上修
2026-10-03,AVGO,355.14,19.39,-0.89,11,25,温和下修
2026-10-03,GOOGL,343.50,14.95,0.66,8,1,强上修
2026-10-03,INTC,119.33,2.06,1.05,4,1,温和上修
2026-10-03,META,728.08,34.07,0.36,7,39,强下修
2026-10-03,MSFT,517.53,23.65,0.31,19,3,强上修
2026-10-03,MU,1074.89,205.30,20.04,3,1,温和上修
2026-10-03,NVDA,233.95,15.70,1.89,42,0,强上修
2026-10-03,ORCL,142.30,11.00,0.65,4,0,温和上修
2026-10-03,QCOM,184.87,10.20,0.02,3,27,强下修
2026-10-03,SNDK,1719.99,263.49,-0.47,7,4,温和上修
2026-10-03,TSM,472.78,21.93,0.66,9,0,强上修
