date,top10,names,source
2026-09-25,38.8903,"NVDA,AAPL,MSFT,AMZN,GOOGL,AVGO,META,GOOG,MU,TSLA",SPY
2026-09-28,38.8639,"NVDA,AAPL,MSFT,AMZN,GOOGL,AVGO,GOOG,META,MU,TSLA",SPY
2026-09-29,38.7617,"NVDA,AAPL,MSFT,AMZN,GOOGL,AVGO,META,GOOG,MU,TSLA",SPY
2026-09-30,39.0478,"NVDA,AAPL,MSFT,AMZN,GOOGL,AVGO,GOOG,META,MU,TSLA",SPY
2026-10-01,38.9051,"NVDA,AAPL,MSFT,AMZN,GOOGL,AVGO,META,GOOG,MU,AMD",SPY
2026-10-02,39.101,"NVDA,AAPL,MSFT,AMZN,GOOGL,AVGO,GOOG,META,MU,TSLA",SPY
2026-10-05,39.2746,"NVDA,AAPL,MSFT,AMZN,GOOGL,AVGO,META,GOOG,MU,TSLA",SPY
2026-10-06,39.2684,"NVDA,AAPL,MSFT,AMZN,GOOGL,AVGO,GOOG,META,MU,TSLA",SPY
2026-10-07,39.4651,"NVDA,AAPL,MSFT,AMZN,GOOGL,AVGO,GOOG,META,MU,TSLA",SPY
2026-10-08,39.059,"NVDA,AAPL,MSFT,AMZN,GOOGL,AVGO,GOOG,META,MU,TSLA",SPY
