date,ticker,company,market,close,rsi,forward_pe,target_pe,triggered,next_fy_eps,revision_30d,up30,down30,revision_signal,status,flags,is_trading_day
2026-09-09,AAPL,Apple Inc.,,315.34,49.40,33.30,20,0,9.57,0.14,6,24,强下修,OK,,
2026-09-09,ADBE,ADOBE INC.,,254.86,43.00,10.40,8,0,27.50,0.04,,,样本不足,OK,LOW_SAMPLE,
2026-09-09,AMZN,AMAZON COM INC,,252.40,44.06,28.11,20,0,10.49,0.69,43,4,强上修,OK,,
2026-09-09,AVGO,Broadcom Inc.,,364.38,43.19,23.77,20,0,19.39,-0.87,6,1,强上修,OK,DIVERGENCE,
2026-09-09,COIN,"Coinbase Global, Inc.",,174.72,51.25,192.00,,0,2.74,-11.18,0,20,强下修,OK,DIVERGENCE,
2026-09-09,CRCL,"Circle Internet Group, Inc.",,92.99,57.34,71.53,,0,1.39,0.30,5,8,温和下修,OK,,
2026-09-09,GOOGL,Alphabet Inc.,,330.65,39.48,25.67,20,0,14.86,0.64,10,2,强上修,OK,,
2026-09-09,HOOD,"Robinhood Markets, Inc.",,115.28,58.63,50.34,,0,2.78,2.99,11,4,强上修,OK,DIVERGENCE,
2026-09-09,INTC,INTEL CORP,,106.24,63.36,62.86,,0,2.04,0.03,33,0,强上修,OK,DIVERGENCE,
2026-09-09,IREN,IREN Ltd,,45.37,57.18,,,0,-0.27,,,,样本不足,NEGATIVE_EPS,"LOW_BASE,LOW_SAMPLE",
2026-09-09,MARA,"MARA Holdings, Inc.",,11.92,56.21,,,0,-1.15,16.97,,,样本不足,NEGATIVE_EPS,LOW_SAMPLE,
2026-09-09,MCD,MCDONALDS CORP,,253.48,33.38,19.38,20,1,13.98,-0.96,3,26,强下修,OK,,
2026-09-09,MSFT,MICROSOFT CORP,,491.65,54.82,25.29,,0,23.57,0.42,19,3,强上修,OK,DIVERGENCE,
2026-09-09,MSTR,Strategy Inc,,132.70,58.57,4.35,,0,13.83,165.92,4,1,温和上修,OK,DIVERGENCE,
2026-09-09,MU,MICRON TECHNOLOGY INC,,1027.77,60.62,7.17,6,0,155.03,-0.02,2,2,中性,OK,,
2026-09-09,NKE,"NIKE, Inc.",,37.35,36.68,21.84,20,0,2.22,-0.80,1,5,温和下修,OK,DIVERGENCE,
2026-09-09,NOW,"ServiceNow, Inc.",,131.11,51.52,28.82,20,0,5.01,-0.01,17,19,中性,OK,,
2026-09-09,NVDA,NVIDIA CORP,,223.67,54.32,18.56,15,0,15.52,20.90,39,0,强上修,OK,DIVERGENCE,
2026-09-09,ORCL,ORACLE CORP,,161.63,62.43,20.56,15,0,10.97,0.72,3,0,温和上修,OK,DIVERGENCE,
2026-09-09,PDD,PDD Holdings Inc.,,78.61,31.69,7.05,7,0,83.32,0.89,11,12,中性,OK,DIVERGENCE,
2026-09-09,SNDK,Sandisk Corp,,1764.17,62.24,8.56,6,0,264.72,6.56,7,4,温和上修,OK,DIVERGENCE,
2026-09-09,TME,Tencent Music Entertainment Group,,7.89,31.83,8.97,,0,6.75,-5.90,2,17,强下修,OK,DIVERGENCE,
2026-09-09,TSM,TAIWAN SEMICONDUCTOR MANUFACTURING CO LTD,,435.36,59.11,22.11,20,0,21.93,1.47,9,0,强上修,OK,,
2026-09-10,AAPL,,,326.57,58.99,34.48,20,0,9.57,0.14,6,24,强下修,OK,,
2026-09-10,ADBE,,,248.83,40.15,10.15,8,0,27.50,0.04,,,样本不足,OK,LOW_SAMPLE,
2026-09-10,AMZN,,,251.89,43.62,28.05,20,0,10.49,0.69,43,4,强上修,OK,,
2026-09-10,AVGO,,,360.83,41.40,23.54,20,0,19.39,-0.87,6,1,强上修,OK,,
2026-09-10,COIN,,,172.28,49.99,189.32,,0,2.74,-11.18,0,20,强下修,OK,,
2026-09-10,CRCL,,,90.32,54.72,69.48,,0,1.39,0.30,5,8,温和下修,OK,,
2026-09-10,GOOGL,,,332.60,41.40,25.82,20,0,14.86,0.64,10,2,强上修,OK,,
2026-09-10,HOOD,,,113.33,56.60,49.49,,0,2.78,2.99,11,4,强上修,OK,,
2026-09-10,INTC,,,100.32,54.79,59.36,,0,2.04,0.03,33,0,强上修,OK,,
2026-09-10,IREN,,,43.64,53.75,,,0,-0.27,,,,样本不足,NEGATIVE_EPS,LOW_SAMPLE,
2026-09-10,MARA,,,11.43,52.37,,,0,-1.15,,,,样本不足,NEGATIVE_EPS,LOW_SAMPLE,
2026-09-10,MCD,,,253.05,32.92,19.35,20,1,13.98,-0.96,3,26,强下修,OK,,
2026-09-10,META,,,644.38,66.38,20.73,18,0,33.94,-0.13,7,39,强下修,OK,,
2026-09-10,MSFT,,,492.44,55.22,25.33,,0,23.57,0.42,19,3,强上修,OK,,
2026-09-10,MSTR,,,128.56,55.61,4.22,,0,13.83,165.92,4,1,温和上修,OK,,
2026-09-10,MU,,,977.41,53.29,6.82,6,0,155.03,-0.02,2,2,中性,OK,,
2026-09-10,NKE,,,36.62,33.68,21.42,20,0,2.22,-0.80,1,5,温和下修,OK,,
2026-09-10,NOW,,,131.17,51.57,28.83,20,0,5.01,-0.01,17,19,中性,OK,,
2026-09-10,NVDA,,,218.36,50.00,18.12,15,0,15.52,20.90,39,0,强上修,OK,,
2026-09-10,ORCL,,,152.94,53.47,19.46,15,0,10.97,0.70,3,0,温和上修,OK,,
2026-09-10,PDD,,,77.84,30.32,6.98,7,1,83.32,0.89,11,12,中性,OK,,
2026-09-10,QCOM,,,176.88,62.76,19.21,,0,10.22,-0.46,3,27,强下修,OK,,
2026-09-10,SNDK,,,1692.59,57.34,8.22,6,0,264.72,6.56,7,4,温和上修,OK,,
2026-09-10,TME,,,7.90,32.19,8.98,,0,6.75,-5.90,2,17,强下修,OK,,
2026-09-10,TSM,,,428.03,54.08,21.74,20,0,21.93,1.47,9,0,强上修,OK,,
2026-09-11,AAPL,,US,332.27,62.84,35.09,20,0,9.57,0.29,6,24,强下修,OK,,true
2026-09-11,ADBE,,US,252.23,42.46,10.29,8,0,27.62,0.49,,,样本不足,OK,LOW_SAMPLE,true
2026-09-11,AMZN,,US,256.78,48.91,28.59,20,0,10.49,0.20,43,4,强上修,OK,,true
2026-09-11,AVGO,,US,361.99,42.23,23.61,20,0,19.38,-1.09,6,1,强上修,OK,,true
2026-09-11,COIN,,US,175.26,51.56,192.59,,0,2.74,-9.43,0,20,强下修,OK,,true
2026-09-11,CRCL,,US,90.60,54.95,69.69,,0,1.39,0.30,5,8,温和下修,OK,,true
2026-09-11,GOOGL,,US,338.50,46.91,26.28,20,0,14.88,0.73,10,2,强上修,OK,,true
2026-09-11,HOOD,,US,112.57,55.79,49.16,,0,2.78,3.16,11,4,强上修,OK,,true
2026-09-11,INTC,,US,102.94,57.53,60.91,,0,2.04,0.22,33,0,强上修,OK,,true
2026-09-11,IREN,,US,43.83,54.08,,,0,-0.27,,,,样本不足,NEGATIVE_EPS,LOW_SAMPLE,true
2026-09-11,MARA,,US,11.98,56.01,,,0,-1.15,,,,样本不足,NEGATIVE_EPS,LOW_SAMPLE,true
2026-09-11,MCD,,US,252.53,32.34,19.31,20,1,13.98,-0.11,3,26,强下修,OK,,true
2026-09-11,META,,US,648.03,67.17,20.84,18,0,33.94,-0.13,7,39,强下修,OK,,true
2026-09-11,MSFT,,US,495.63,56.87,25.50,,0,23.57,0.09,19,3,强上修,OK,,true
2026-09-11,MSTR,,US,130.97,56.97,4.29,,0,13.83,165.92,4,1,温和上修,OK,,true
2026-09-11,MU,,US,975.26,53.00,6.81,6,0,155.03,-0.02,2,2,中性,OK,,true
2026-09-11,NKE,,US,36.80,35.09,21.52,20,0,2.20,-1.31,1,5,温和下修,OK,,true
2026-09-11,NOW,,US,132.53,52.78,29.13,20,0,5.01,-0.01,17,19,中性,OK,,true
2026-09-11,NVDA,,US,218.29,49.94,18.12,15,0,15.52,20.90,39,0,强上修,OK,,true
2026-09-11,ORCL,,US,150.28,51.06,19.12,15,0,11.02,1.09,3,0,温和上修,OK,,true
2026-09-11,PDD,,US,77.81,30.27,6.98,7,1,83.27,0.82,11,12,中性,OK,,true
2026-09-11,QCOM,,US,181.97,67.37,19.76,,0,10.22,-0.46,3,27,强下修,OK,,true
2026-09-11,SNDK,,US,1633.35,53.58,7.93,6,0,264.72,6.56,7,4,温和上修,OK,,true
2026-09-11,TME,,US,7.98,34.97,9.07,,0,6.75,-5.90,2,17,强下修,OK,,true
2026-09-11,TSM,,US,433.24,56.89,22.00,20,0,21.93,1.47,9,0,强上修,OK,,true
2026-09-12,AAPL,,US,332.27,62.84,35.09,20,0,9.57,0.29,6,24,强下修,OK,,true
2026-09-12,ADBE,,US,252.23,42.46,10.29,8,0,27.62,0.49,,,样本不足,OK,LOW_SAMPLE,true
2026-09-12,AMZN,,US,256.78,48.91,28.59,20,0,10.49,0.20,43,4,强上修,OK,,true
2026-09-12,AVGO,,US,361.99,42.23,23.61,20,0,19.38,-1.09,6,1,强上修,OK,,true
2026-09-12,COIN,,US,175.26,51.56,192.59,,0,2.74,-9.43,0,20,强下修,OK,,true
2026-09-12,CRCL,,US,90.60,54.95,69.69,,0,1.39,0.30,5,8,温和下修,OK,,true
2026-09-12,GOOGL,,US,338.50,46.91,26.28,20,0,14.88,0.73,10,2,强上修,OK,,true
2026-09-12,HOOD,,US,112.57,55.79,49.16,,0,2.78,3.16,11,4,强上修,OK,,true
2026-09-12,INTC,,US,102.94,57.53,60.91,,0,2.04,0.22,33,0,强上修,OK,,true
2026-09-12,IREN,,US,43.83,54.08,,,0,-0.27,,,,样本不足,NEGATIVE_EPS,LOW_SAMPLE,true
2026-09-12,MARA,,US,11.98,56.01,,,0,-1.15,,,,样本不足,NEGATIVE_EPS,LOW_SAMPLE,true
2026-09-12,MCD,,US,252.53,32.34,19.31,20,1,13.98,-0.11,3,26,强下修,OK,,true
2026-09-12,META,,US,648.03,67.17,20.84,18,0,33.94,-0.13,7,39,强下修,OK,,true
2026-09-12,MSFT,,US,495.63,56.87,25.50,,0,23.57,0.09,19,3,强上修,OK,,true
2026-09-12,MSTR,,US,130.97,56.97,4.29,,0,13.83,165.92,4,1,温和上修,OK,,true
2026-09-12,MU,,US,975.26,53.00,6.81,6,0,155.03,-0.02,2,2,中性,OK,,true
2026-09-12,NKE,,US,36.80,35.09,21.52,20,0,2.20,-1.31,1,5,温和下修,OK,,true
2026-09-12,NOW,,US,132.53,52.78,29.13,20,0,5.01,-0.01,17,19,中性,OK,,true
2026-09-12,NVDA,,US,218.29,49.94,18.12,15,0,15.52,20.90,39,0,强上修,OK,,true
2026-09-12,ORCL,,US,150.28,51.06,19.12,15,0,11.02,1.09,3,0,温和上修,OK,,true
2026-09-12,PDD,,US,77.81,30.27,6.98,7,1,83.27,0.82,11,12,中性,OK,,true
2026-09-12,QCOM,,US,181.97,67.37,19.76,,0,10.22,-0.46,3,27,强下修,OK,,true
2026-09-12,SNDK,,US,1633.35,53.58,7.93,6,0,264.72,6.56,7,4,温和上修,OK,,true
2026-09-12,TME,,US,7.98,34.97,9.07,,0,6.75,-5.90,2,17,强下修,OK,,true
2026-09-12,TSM,,US,433.24,56.89,22.00,20,0,21.93,1.47,9,0,强上修,OK,,true
2026-09-13,AAPL,,US,332.27,62.84,35.09,20,0,9.57,0.29,2,7,强下修,OK,,true
2026-09-13,ADBE,,US,252.23,42.46,10.29,8,0,27.67,0.64,,,样本不足,OK,LOW_SAMPLE,true
2026-09-13,AMZN,,US,256.78,48.91,28.59,20,0,10.49,0.09,12,1,强上修,OK,,true
2026-09-13,AVGO,,US,361.99,42.23,20.67,20,0,19.38,-1.09,10,24,强下修,OK,,true
2026-09-13,COIN,,US,175.26,,192.59,,0,2.74,-9.43,0,20,强下修,OK,,true
2026-09-13,CRCL,,US,90.60,,69.69,,0,1.39,0.30,5,8,温和下修,OK,,true
2026-09-13,GOOGL,,US,338.50,46.91,26.28,20,0,14.88,0.73,10,2,强上修,OK,,true
2026-09-13,HOOD,,US,112.57,55.79,49.16,,0,2.79,3.58,6,0,强上修,OK,,true
2026-09-13,INTC,,US,102.94,57.53,60.91,,0,2.04,0.23,4,1,温和上修,OK,,true
2026-09-13,IREN,,US,43.83,54.08,,,0,-0.27,,,,样本不足,NEGATIVE_EPS,LOW_SAMPLE,true
2026-09-13,MARA,,US,11.98,56.01,,,0,-1.15,,,,样本不足,NEGATIVE_EPS,LOW_SAMPLE,true
2026-09-13,MCD,,US,252.53,32.34,19.34,20,1,13.97,-0.14,3,25,强下修,OK,,true
2026-09-13,META,,US,648.03,67.17,20.84,18,0,33.94,-0.13,7,39,强下修,OK,,true
2026-09-13,MSFT,,US,495.63,56.87,25.50,,0,23.57,0.09,19,3,强上修,OK,,true
2026-09-13,MSTR,,US,130.97,56.97,4.29,,0,13.83,165.92,4,1,温和上修,OK,,true
2026-09-13,MU,,US,975.26,53.00,6.80,6,0,156.07,0.25,2,2,中性,OK,,true
2026-09-13,NKE,,US,36.80,35.09,21.52,20,0,2.20,-1.31,1,5,温和下修,OK,,true
2026-09-13,NOW,,US,132.53,52.78,29.13,20,0,5.01,-0.01,17,19,中性,OK,,true
2026-09-13,NVDA,,US,218.29,49.94,18.12,15,0,15.57,21.26,41,0,强上修,OK,,true
2026-09-13,ORCL,,US,150.28,51.06,19.14,15,0,10.99,0.84,3,0,温和上修,OK,,true
2026-09-13,PDD,,US,77.81,30.27,6.98,7,1,83.27,0.82,11,12,中性,OK,,true
2026-09-13,QCOM,,US,181.97,67.37,19.76,,0,10.22,0.03,3,27,强下修,OK,,true
2026-09-13,SNDK,,US,1633.35,53.58,7.93,6,0,264.72,6.56,7,4,温和上修,OK,,true
2026-09-13,TME,,US,7.98,34.97,9.07,,0,6.75,-5.90,2,17,强下修,OK,,true
2026-09-13,TSM,,US,433.24,56.89,22.00,20,0,21.93,1.47,9,0,强上修,OK,,true
2026-09-14,AAPL,,US,333.08,62.85,35.17,20,0,9.57,0.29,2,7,强下修,OK,,true
2026-09-14,ADBE,,US,265.60,42.47,10.84,8,0,27.67,0.64,,,样本不足,OK,LOW_SAMPLE,true
2026-09-14,AMZN,,US,253.54,48.92,28.23,20,0,10.49,0.09,12,1,强上修,OK,,true
2026-09-14,AVGO,,US,344.72,42.24,19.69,20,1,19.38,-1.09,10,24,强下修,OK,,true
2026-09-14,COIN,,US,191.45,51.56,210.38,,0,2.74,-9.43,0,20,强下修,OK,EXTREME,true
2026-09-14,CRCL,,US,97.42,54.95,74.94,,0,1.39,0.30,5,8,温和下修,OK,,true
2026-09-14,GOOGL,,US,349.39,46.92,27.13,20,0,14.88,0.73,10,2,强上修,OK,,true
2026-09-14,HOOD,,US,114.33,55.79,49.93,,0,2.79,3.58,6,0,强上修,OK,,true
2026-09-14,INTC,,US,97.19,57.53,57.51,,0,2.04,0.23,4,1,温和上修,OK,,true
2026-09-14,IREN,,US,43.17,54.07,,,0,-0.27,,,,样本不足,NEGATIVE_EPS,LOW_SAMPLE,true
2026-09-14,MARA,,US,11.50,56.00,,,0,-1.15,,,,样本不足,NEGATIVE_EPS,LOW_SAMPLE,true
2026-09-14,MCD,,US,257.49,32.33,19.72,20,1,13.97,-0.14,3,25,强下修,OK,,true
2026-09-14,META,,US,665.60,67.18,21.41,18,0,33.94,-0.13,7,39,强下修,OK,,true
2026-09-14,MSFT,,US,505.41,56.88,26.00,,0,23.57,0.09,19,3,强上修,OK,,true
2026-09-14,MSTR,,US,136.94,56.97,4.49,,0,13.83,165.92,4,1,温和上修,OK,,true
2026-09-14,MU,,US,924.03,53.00,6.44,6,0,156.07,0.25,2,2,中性,OK,,true
2026-09-14,NKE,,US,37.05,35.10,21.67,20,0,2.20,-1.31,1,5,温和下修,OK,,true
2026-09-14,NOW,,US,142.35,52.78,31.29,20,0,5.01,-0.01,17,19,中性,OK,,true
2026-09-14,NVDA,,US,210.96,49.94,17.51,15,0,15.57,21.26,41,0,强上修,OK,,true
2026-09-14,ORCL,,US,144.79,51.06,18.44,15,0,10.99,0.84,3,0,温和上修,OK,,true
2026-09-14,PDD,,US,79.38,30.27,7.12,7,0,83.27,0.82,11,12,中性,OK,,true
2026-09-14,QCOM,,US,180.15,67.37,19.56,,0,10.22,0.03,3,27,强下修,OK,,true
2026-09-14,SNDK,,US,1551.99,53.58,7.53,6,0,264.72,6.56,7,4,温和上修,OK,,true
2026-09-14,TME,,US,8.11,34.85,9.22,,0,6.75,-5.90,2,17,强下修,OK,,true
2026-09-14,TSM,,US,418.01,56.90,21.23,20,0,21.93,1.47,9,0,强上修,OK,,true
2026-09-15,AAPL,,US,331.34,63.37,34.99,20,0,9.58,0.38,2,7,强下修,OK,,true
2026-09-15,ADBE,,US,257.76,50.56,10.52,8,0,27.67,0.65,,,样本不足,OK,LOW_SAMPLE,true
2026-09-15,AMZN,,US,248.42,45.85,27.66,20,0,10.49,-0.14,8,1,强上修,OK,,true
2026-09-15,AVGO,,US,339.27,34.32,19.38,20,1,19.38,-1.09,11,25,温和下修,OK,,true
2026-09-15,COIN,,US,172.11,59.07,189.13,,0,2.79,-7.70,3,5,温和下修,OK,,true
2026-09-15,CRCL,,US,86.30,60.32,66.38,,0,1.39,0.30,5,8,温和下修,OK,,true
2026-09-15,GOOGL,,US,344.98,55.28,26.78,20,0,14.88,0.69,8,1,强上修,OK,,true
2026-09-15,HOOD,,US,110.45,57.32,48.23,,0,2.79,3.58,6,0,强上修,OK,,true
2026-09-15,INTC,,US,97.14,50.33,57.48,,0,2.04,0.23,4,1,温和上修,OK,,true
2026-09-15,IREN,,US,41.58,52.68,,,0,-0.27,,,,样本不足,NEGATIVE_EPS,LOW_SAMPLE,true
2026-09-15,MARA,,US,11.24,52.25,,,0,-0.21,,,,样本不足,NEGATIVE_EPS,LOW_SAMPLE,true
2026-09-15,MCD,,US,252.78,42.74,19.36,20,1,13.98,-0.15,3,25,强下修,OK,,true
2026-09-15,META,,US,670.24,70.77,21.56,18,0,33.94,-0.13,7,39,强下修,OK,,true
2026-09-15,MSFT,,US,497.12,61.58,25.57,,0,23.59,0.08,19,3,强上修,OK,,true
2026-09-15,MSTR,,US,129.60,60.23,4.25,,0,13.14,152.73,3,0,温和上修,OK,,true
2026-09-15,MU,,US,927.60,46.42,6.47,6,0,156.07,0.25,2,2,中性,OK,,true
2026-09-15,NKE,,US,36.22,37.10,21.18,20,0,2.19,-1.71,1,5,温和下修,OK,,true
2026-09-15,NOW,,US,141.90,60.42,31.19,20,0,5.01,0.00,17,19,中性,OK,,true
2026-09-15,NVDA,,US,212.17,44.06,17.61,15,0,15.61,21.80,42,0,强上修,OK,,true
2026-09-15,ORCL,,US,140.35,46.41,17.88,15,0,10.98,0.63,4,0,温和上修,OK,,true
2026-09-15,PDD,,US,78.08,36.73,7.00,7,0,83.27,0.82,11,12,中性,OK,,true
2026-09-15,QCOM,,US,187.80,64.31,20.39,,0,10.20,0.02,3,27,强下修,OK,,true
2026-09-15,SNDK,,US,1530.89,48.84,7.43,6,0,264.72,6.56,7,4,温和上修,OK,,true
2026-09-15,TME,,US,7.89,39.18,8.97,,0,6.75,0.00,2,17,强下修,OK,,true
2026-09-15,TSM,,US,413.75,47.75,21.01,20,0,21.93,0.66,9,0,强上修,OK,,true
2026-09-16,AAPL,,US,332.41,61.35,35.10,20,0,9.58,0.38,2,7,强下修,OK,,true
2026-09-16,ADBE,,US,250.50,46.43,10.22,8,0,27.67,0.65,,,样本不足,OK,LOW_SAMPLE,true
2026-09-16,AMZN,,US,245.96,41.41,27.39,20,0,10.49,-0.14,8,1,强上修,OK,,true
2026-09-16,AVGO,,US,339.51,32.27,19.39,20,1,19.38,-1.09,11,25,温和下修,OK,,true
2026-09-16,COIN,,US,164.51,49.24,180.78,,0,2.79,-7.70,3,5,温和下修,OK,,true
2026-09-16,CRCL,,US,80.45,49.88,61.88,,0,1.39,0.30,5,8,温和下修,OK,,true
2026-09-16,GOOGL,,US,342.87,,26.62,20,0,14.88,0.69,8,1,强上修,OK,,true
2026-09-16,HOOD,,US,104.42,52.97,45.60,,0,2.79,3.58,6,0,强上修,OK,,true
2026-09-16,INTC,,US,101.05,50.28,59.79,,0,2.04,0.23,4,1,温和上修,OK,,true
2026-09-16,IREN,,US,42.62,49.40,,,0,-0.27,,,,样本不足,NEGATIVE_EPS,LOW_SAMPLE,true
2026-09-16,MARA,,US,11.04,50.29,,,0,-0.21,,,,样本不足,NEGATIVE_EPS,LOW_SAMPLE,true
2026-09-16,MCD,,US,248.56,36.92,19.03,20,1,13.98,-0.15,3,25,强下修,OK,,true
2026-09-16,META,,US,673.31,71.65,21.66,18,0,33.94,-0.13,7,39,强下修,OK,,true
2026-09-16,MSFT,,US,490.30,56.00,25.22,,0,23.59,0.08,19,3,强上修,OK,,true
2026-09-16,MSTR,,US,126.18,54.73,4.14,,0,13.14,152.73,3,0,温和上修,OK,,true
2026-09-16,MU,,US,926.55,46.91,6.46,6,0,156.07,0.25,2,2,中性,OK,,true
2026-09-16,NKE,,US,35.78,33.40,20.92,20,0,2.19,-1.71,1,5,温和下修,OK,,true
2026-09-16,NOW,,US,139.82,59.94,30.73,20,0,5.01,0.00,17,19,中性,OK,,true
2026-09-16,NVDA,,US,213.90,45.21,17.75,15,0,15.61,21.80,42,0,强上修,OK,,true
2026-09-16,ORCL,,US,143.16,43.00,18.24,15,0,10.98,0.63,4,0,温和上修,OK,,true
2026-09-16,PDD,,US,78.76,33.92,7.06,7,0,83.27,0.82,11,12,中性,OK,,true
2026-09-16,QCOM,,US,184.84,70.40,20.07,,0,10.20,0.02,3,27,强下修,OK,,true
2026-09-16,SNDK,,US,1519.97,47.66,7.38,6,0,264.72,6.56,7,4,温和上修,OK,,true
2026-09-16,TME,,US,7.82,35.01,8.89,,0,6.75,0.00,2,17,强下修,OK,,true
2026-09-16,TSM,,US,417.72,45.53,21.21,20,0,21.93,0.66,9,0,强上修,OK,,true
2026-09-17,AAPL,,US,337.00,62.15,35.59,20,0,9.58,0.44,2,7,强下修,OK,,true
2026-09-17,ADBE,,US,252.67,42.94,10.31,8,0,27.67,0.65,,,样本不足,OK,LOW_SAMPLE,true
2026-09-17,AMZN,,US,251.19,39.45,27.97,20,0,10.47,-0.36,8,1,强上修,OK,,true
2026-09-17,AVGO,,US,347.30,32.46,19.83,20,1,19.38,-1.09,11,25,温和下修,OK,,true
2026-09-17,COIN,,US,173.97,46.01,191.18,,0,2.83,-6.30,3,5,温和下修,OK,,true
2026-09-17,CRCL,,US,85.09,45.43,65.45,,0,1.40,1.13,5,8,温和下修,OK,,true
2026-09-17,GOOGL,,US,347.33,50.06,26.97,20,0,14.86,0.60,8,1,强上修,OK,,true
2026-09-17,HOOD,,US,109.81,47.02,47.95,,0,2.79,3.58,6,0,强上修,OK,,true
2026-09-17,INTC,,US,108.80,54.74,64.38,,0,2.06,1.08,4,1,温和上修,OK,,true
2026-09-17,IREN,,US,43.48,51.53,,,0,-0.27,,,,样本不足,NEGATIVE_EPS,LOW_SAMPLE,true
2026-09-17,MARA,,US,11.64,48.78,,,0,-0.21,,,,样本不足,NEGATIVE_EPS,LOW_SAMPLE,true
2026-09-17,MCD,,US,248.48,32.64,19.03,20,1,13.98,-0.14,3,25,强下修,OK,,true
2026-09-17,META,,US,682.31,72.24,21.95,18,0,33.87,-0.34,7,39,强下修,OK,,true
2026-09-17,MSFT,,US,497.75,51.85,25.60,,0,23.59,0.08,19,3,强上修,OK,,true
2026-09-17,MSTR,,US,132.25,52.35,4.34,,0,13.14,152.73,3,0,温和上修,OK,,true
2026-09-17,MU,,US,977.50,46.77,6.81,6,0,156.53,0.55,2,2,中性,OK,,true
2026-09-17,NKE,,US,36.36,31.62,21.26,20,0,2.19,-2.12,1,5,温和下修,OK,,true
2026-09-17,NOW,,US,138.47,57.67,30.43,20,0,5.01,0.00,17,19,中性,OK,,true
2026-09-17,NVDA,,US,219.34,46.89,18.20,15,0,15.68,22.32,42,0,强上修,OK,,true
2026-09-17,ORCL,,US,150.59,45.72,19.18,15,0,10.99,0.72,4,0,温和上修,OK,,true
2026-09-17,PDD,,US,77.73,36.64,6.97,7,1,83.16,0.69,11,12,中性,OK,,true
2026-09-17,QCOM,,US,188.71,65.72,20.49,,0,10.20,0.02,3,27,强下修,OK,,true
2026-09-17,SNDK,,US,1614.39,47.03,7.84,6,0,264.72,6.56,7,4,温和上修,OK,,true
2026-09-17,TME,,US,7.77,33.78,8.83,,0,6.75,0.00,2,17,强下修,OK,,true
2026-09-17,TSM,,US,430.26,48.59,21.85,20,0,21.93,0.66,9,0,强上修,OK,,true
2026-09-18,AAPL,,US,336.13,65.44,35.49,20,0,9.58,0.44,2,7,强下修,OK,,true
2026-09-18,ADBE,,US,248.92,44.29,10.16,8,0,27.67,0.65,,,样本不足,OK,LOW_SAMPLE,true
2026-09-18,AMZN,,US,253.71,45.39,28.25,20,0,10.47,-0.36,8,1,强上修,OK,,true
2026-09-18,AVGO,,US,357.61,38.54,20.42,20,0,19.38,-1.09,11,25,温和下修,OK,,true
2026-09-18,COIN,,US,194.25,50.38,213.46,,0,2.83,-6.30,3,5,温和下修,OK,EXTREME,true
2026-09-18,CRCL,,US,91.78,49.29,70.60,,0,1.40,1.13,5,8,温和下修,OK,,true
2026-09-18,GOOGL,,US,349.54,53.45,27.14,20,0,14.86,0.60,8,1,强上修,OK,,true
2026-09-18,HOOD,,US,119.82,52.19,52.32,,0,2.79,3.58,6,0,强上修,OK,,true
2026-09-18,INTC,,US,108.60,62.01,64.26,,0,2.06,1.08,4,1,温和上修,OK,,true
2026-09-18,IREN,,US,46.68,53.28,,,0,-0.27,,,,样本不足,NEGATIVE_EPS,LOW_SAMPLE,true
2026-09-18,MARA,,US,13.24,53.32,,,0,-0.21,,,,样本不足,NEGATIVE_EPS,LOW_SAMPLE,true
2026-09-18,MCD,,US,248.24,32.57,19.01,20,1,13.98,-0.14,3,25,强下修,OK,,true
2026-09-18,META,,US,665.75,73.97,21.41,18,0,33.87,-0.34,7,39,强下修,OK,,true
2026-09-18,MSFT,,US,493.78,55.71,25.40,,0,23.59,0.08,19,3,强上修,OK,,true
2026-09-18,MSTR,,US,153.92,56.02,5.05,,0,13.14,152.73,3,0,温和上修,OK,,true
2026-09-18,MU,,US,1015.80,53.81,7.08,6,0,156.53,0.55,2,2,中性,OK,,true
2026-09-18,NKE,,US,35.51,36.45,20.77,20,0,2.19,-2.12,1,5,温和下修,OK,,true
2026-09-18,NOW,,US,135.47,56.17,29.77,20,0,5.01,0.00,17,19,中性,OK,,true
2026-09-18,NVDA,,US,222.27,51.86,18.45,15,0,15.68,22.32,42,0,强上修,OK,,true
2026-09-18,ORCL,,US,147.61,52.21,18.80,15,0,10.99,0.72,4,0,温和上修,OK,,true
2026-09-18,PDD,,US,78.90,34.34,7.08,7,0,83.16,0.69,11,12,中性,OK,,true
2026-09-18,QCOM,,US,177.72,68.65,19.30,,0,10.20,0.02,3,27,强下修,OK,,true
2026-09-18,SNDK,,US,1791.82,52.84,8.70,6,0,264.72,6.56,7,4,温和上修,OK,,true
2026-09-18,TME,,US,7.76,32.87,8.82,,0,6.75,0.00,2,17,强下修,OK,,true
2026-09-18,TSM,,US,434.67,55.26,22.08,20,0,21.93,0.66,9,0,强上修,OK,,true
2026-09-19,AAPL,,US,336.13,64.30,35.23,20,0,9.58,0.47,2,7,强下修,OK,,true
2026-09-19,ADBE,,US,248.92,42.43,10.16,8,0,27.67,0.65,,,样本不足,OK,LOW_SAMPLE,true
2026-09-19,AMZN,,US,253.71,48.04,28.25,20,0,10.47,-0.36,8,1,强上修,OK,,true
2026-09-19,AVGO,,US,357.61,45.53,20.42,20,0,19.38,-1.09,11,25,温和下修,OK,,true
2026-09-19,COIN,,US,194.25,58.19,294.32,,0,2.83,-6.30,3,5,温和下修,OK,EXTREME,true
2026-09-19,CRCL,,US,91.78,54.32,70.60,,0,1.40,1.13,5,8,温和下修,OK,,true
2026-09-19,GOOGL,,US,349.54,55.08,27.24,20,0,14.91,0.88,8,1,强上修,OK,,true
2026-09-19,HOOD,,US,119.82,60.00,51.21,,0,2.79,3.58,6,0,强上修,OK,,true
2026-09-19,INTC,,US,108.60,61.73,63.51,,0,2.06,1.08,4,1,温和上修,OK,,true
2026-09-19,IREN,,US,46.68,59.19,,,0,-0.27,,,,样本不足,NEGATIVE_EPS,LOW_SAMPLE,true
2026-09-19,MARA,,US,13.24,62.81,,,0,-0.21,,,,样本不足,NEGATIVE_EPS,LOW_SAMPLE,true
2026-09-19,MCD,,US,248.24,32.33,18.99,20,1,13.98,-0.15,3,25,强下修,OK,,true
2026-09-19,META,,US,665.75,65.84,21.45,18,0,33.87,-0.34,7,39,强下修,OK,,true
2026-09-19,MSFT,,US,493.78,53.26,25.40,,0,23.59,0.08,19,3,强上修,OK,,true
2026-09-19,MSTR,,US,153.92,66.08,4.83,,0,13.14,152.73,3,0,温和上修,OK,,true
2026-09-19,MU,,US,1015.80,58.27,7.08,6,0,156.53,0.62,2,2,中性,OK,,true
2026-09-19,NKE,,US,35.51,32.79,21.01,20,0,2.19,-2.12,1,5,温和下修,OK,,true
2026-09-19,NOW,,US,135.47,52.90,29.84,20,0,5.01,0.00,17,19,中性,OK,,true
2026-09-19,NVDA,,US,222.27,54.35,18.45,15,0,15.68,21.71,42,0,强上修,OK,,true
2026-09-19,ORCL,,US,147.61,49.64,17.72,15,0,11.00,0.75,4,0,温和上修,OK,,true
2026-09-19,PDD,,US,78.90,39.04,7.08,7,0,83.16,0.69,11,12,中性,OK,,true
2026-09-19,QCOM,,US,177.72,54.42,19.30,,0,10.20,0.02,3,27,强下修,OK,,true
2026-09-19,SNDK,,US,1791.82,61.42,8.70,6,0,264.72,0.22,7,4,温和上修,OK,,true
2026-09-19,TME,,US,7.76,32.68,8.82,,0,6.75,0.00,2,17,强下修,OK,,true
2026-09-19,TSM,,US,434.67,57.36,22.03,20,0,21.93,0.66,9,0,强上修,OK,,true
2026-09-20,AAPL,,US,336.13,64.30,35.23,20,0,9.58,0.47,2,7,强下修,OK,,true
2026-09-20,ADBE,,US,248.92,42.43,10.16,8,0,27.67,0.65,,,样本不足,OK,LOW_SAMPLE,true
2026-09-20,AMZN,,US,253.71,48.04,28.25,20,0,10.47,-0.36,8,1,强上修,OK,,true
2026-09-20,AVGO,,US,357.61,45.53,20.42,20,0,19.38,-1.09,11,25,温和下修,OK,,true
2026-09-20,COIN,,US,194.25,58.19,294.32,,0,2.83,-6.30,3,5,温和下修,OK,EXTREME,true
2026-09-20,CRCL,,US,91.78,54.32,70.60,,0,1.40,1.13,5,8,温和下修,OK,,true
2026-09-20,GOOGL,,US,349.54,55.08,27.24,20,0,14.91,0.88,8,1,强上修,OK,,true
2026-09-20,HOOD,,US,119.82,60.00,51.21,,0,2.79,3.58,6,0,强上修,OK,,true
2026-09-20,INTC,,US,108.60,61.73,63.51,,0,2.06,1.08,4,1,温和上修,OK,,true
2026-09-20,IREN,,US,46.68,59.19,,,0,-0.27,,,,样本不足,NEGATIVE_EPS,LOW_SAMPLE,true
2026-09-20,MARA,,US,13.24,62.81,,,0,-0.21,,,,样本不足,NEGATIVE_EPS,LOW_SAMPLE,true
2026-09-20,MCD,,US,248.24,32.33,18.99,20,1,13.98,-0.15,3,25,强下修,OK,,true
2026-09-20,META,,US,665.75,65.84,21.45,18,0,33.87,-0.34,7,39,强下修,OK,,true
2026-09-20,MSFT,,US,493.78,53.26,25.40,,0,23.59,0.08,19,3,强上修,OK,,true
2026-09-20,MSTR,,US,153.92,66.08,4.83,,0,13.14,152.73,3,0,温和上修,OK,,true
2026-09-20,MU,,US,1015.80,58.27,7.08,6,0,156.53,0.62,2,2,中性,OK,,true
2026-09-20,NKE,,US,35.51,32.79,21.01,20,0,2.19,-2.12,1,5,温和下修,OK,,true
2026-09-20,NOW,,US,135.47,52.90,29.84,20,0,5.01,0.00,17,19,中性,OK,,true
2026-09-20,NVDA,,US,222.27,54.35,18.45,15,0,15.68,21.71,42,0,强上修,OK,,true
2026-09-20,ORCL,,US,147.61,49.64,17.72,15,0,11.00,0.75,4,0,温和上修,OK,,true
2026-09-20,PDD,,US,78.90,39.04,7.08,7,0,83.16,0.69,11,12,中性,OK,,true
2026-09-20,QCOM,,US,177.72,54.42,19.30,,0,10.20,0.02,3,27,强下修,OK,,true
2026-09-20,SNDK,,US,1791.82,61.42,8.70,6,0,264.72,0.22,7,4,温和上修,OK,,true
2026-09-20,TME,,US,7.76,32.68,8.82,,0,6.75,0.00,2,17,强下修,OK,,true
2026-09-20,TSM,,US,434.67,57.36,22.03,20,0,21.93,0.66,9,0,强上修,OK,,true
2026-09-21,AAPL,,US,336.13,64.30,35.23,20,0,9.58,0.47,2,7,强下修,OK,,true
2026-09-21,ADBE,,US,248.92,42.42,10.16,8,0,27.67,0.65,,,样本不足,OK,LOW_SAMPLE,true
2026-09-21,AMZN,,US,253.71,48.04,28.25,20,0,10.47,-0.36,8,1,强上修,OK,,true
2026-09-21,AVGO,,US,357.61,45.54,20.42,20,0,19.38,-1.09,11,25,温和下修,OK,,true
2026-09-21,COIN,,US,194.25,58.18,294.32,,0,2.83,-6.30,3,5,温和下修,OK,EXTREME,false
2026-09-21,CRCL,,US,91.78,54.29,70.60,,0,1.40,1.13,5,8,温和下修,OK,,true
2026-09-21,GOOGL,,US,349.54,55.07,27.24,20,0,14.91,0.88,8,1,强上修,OK,,true
2026-09-21,HOOD,,US,119.82,60.00,51.21,,0,2.79,3.58,6,0,强上修,OK,,true
2026-09-21,INTC,,US,108.60,61.74,63.51,,0,2.06,1.08,4,1,温和上修,OK,,true
2026-09-21,IREN,,US,46.68,59.18,,,0,-0.27,,,,样本不足,NEGATIVE_EPS,LOW_SAMPLE,true
2026-09-21,MARA,,US,13.24,62.81,,,0,-0.21,,,,样本不足,NEGATIVE_EPS,LOW_SAMPLE,true
2026-09-21,MCD,,US,248.24,32.33,18.99,20,1,13.98,-0.15,3,25,强下修,OK,,true
2026-09-21,META,,US,665.75,65.84,21.45,18,0,33.87,-0.34,7,39,强下修,OK,,false
2026-09-21,MSFT,,US,493.78,53.25,25.40,,0,23.59,0.08,19,3,强上修,OK,,true
2026-09-21,MSTR,,US,153.92,66.08,4.83,,0,13.14,152.73,3,0,温和上修,OK,,true
2026-09-21,MU,,US,1015.80,58.28,7.08,6,0,156.53,0.62,2,2,中性,OK,,true
2026-09-21,NKE,,US,35.51,32.81,21.01,20,0,2.19,-2.12,1,5,温和下修,OK,,true
2026-09-21,NOW,,US,135.47,52.90,29.84,20,0,5.01,0.00,17,19,中性,OK,,true
2026-09-21,NVDA,,US,222.27,54.36,18.45,15,0,15.68,21.71,42,0,强上修,OK,,true
2026-09-21,ORCL,,US,147.61,49.64,17.72,15,0,11.00,0.75,4,0,温和上修,OK,,true
2026-09-21,PDD,,US,78.90,39.05,7.08,7,0,83.16,0.69,11,12,中性,OK,,true
2026-09-21,QCOM,,US,177.72,54.42,19.30,,0,10.20,0.02,3,27,强下修,OK,,true
2026-09-21,SNDK,,US,1791.82,61.43,8.70,6,0,264.72,0.22,7,4,温和上修,OK,,true
2026-09-21,TME,,US,7.76,32.68,8.82,,0,6.75,0.00,2,17,强下修,OK,,true
2026-09-21,TSM,,US,434.67,57.37,22.03,20,0,21.93,0.66,9,0,强上修,OK,,true
2026-09-22,AAPL,,US,338.98,66.37,35.53,20,0,,,,,无,OK,,true
2026-09-22,ADBE,,US,249.52,42.83,10.18,8,0,,,,,无,OK,,true
2026-09-22,AMZN,,US,258.45,52.69,28.81,20,0,,,,,无,OK,,true
2026-09-22,AVGO,,US,362.66,49.00,20.71,20,0,,,,,无,OK,,true
2026-09-22,COIN,,US,201.05,60.43,304.62,,0,,,,,无,OK,EXTREME,true
2026-09-22,CRCL,,US,94.49,56.18,72.68,,0,,,,,无,OK,,true
2026-09-22,GOOGL,,US,354.97,58.88,27.54,20,0,,,,,无,OK,,true
2026-09-22,HOOD,,US,123.30,62.31,52.69,,0,,,,,无,OK,,true
2026-09-22,INTC,,US,121.78,70.92,69.99,,0,,,,,无,OK,,true
2026-09-22,IREN,,US,47.23,60.12,,,0,,,,,无,NEGATIVE_EPS,,true
2026-09-22,MARA,,US,13.28,63.01,,,0,,,,,无,NEGATIVE_EPS,,true
2026-09-22,MCD,,US,247.88,31.94,18.95,20,1,,,,,无,OK,,true
2026-09-22,META,,US,741.25,77.87,23.88,18,0,,,,,无,OK,,true
2026-09-22,MSFT,,US,501.61,57.25,25.80,,0,,,,,无,OK,,true
2026-09-22,MSTR,,US,168.50,70.90,5.29,,0,,,,,无,OK,,true
2026-09-22,MU,,US,1043.96,61.24,7.20,6,0,,,,,无,OK,,true
2026-09-22,NKE,,US,36.10,37.50,21.36,20,0,,,,,无,OK,,true
2026-09-22,NOW,,US,137.68,54.98,30.33,20,0,,,,,无,OK,,true
2026-09-22,NVDA,,US,227.38,58.39,18.87,15,0,,,,,无,OK,,true
2026-09-22,ORCL,,US,148.56,50.47,17.83,15,0,,,,,无,OK,,true
2026-09-22,PDD,,US,79.30,40.62,6.82,7,1,,,,,无,OK,,true
2026-09-22,QCOM,,US,194.23,65.87,21.09,,0,,,,,无,OK,,true
2026-09-22,SNDK,,US,1766.64,59.77,8.58,6,0,,,,,无,OK,,true
2026-09-22,TME,,US,8.17,46.29,9.28,,0,,,,,无,OK,,true
2026-09-22,TSM,,US,445.14,61.94,22.60,20,0,,,,,无,OK,,true
2026-09-23,AAPL,,US,339.75,66.93,35.61,20,0,,,,,无,OK,,true
2026-09-23,ADBE,,US,238.25,37.39,9.72,8,0,,,,,无,OK,,true
2026-09-23,AMZN,,US,254.98,49.23,28.43,20,0,,,,,无,OK,,true
2026-09-23,AVGO,,US,364.54,50.13,20.82,20,0,,,,,无,OK,,true
2026-09-23,COIN,,US,201.07,60.45,304.65,,0,,,,,无,OK,EXTREME,true
2026-09-23,CRCL,,US,94.59,56.29,72.76,,0,,,,,无,OK,,true
2026-09-23,GOOGL,,US,351.16,55.35,27.24,20,0,,,,,无,OK,,true
2026-09-23,HOOD,,US,124.25,62.95,53.10,,0,,,,,无,OK,,true
2026-09-23,INTC,,US,123.86,72.06,71.18,,0,,,,,无,OK,,true
2026-09-23,IREN,,US,48.55,62.35,,,0,,,,,无,NEGATIVE_EPS,,true
2026-09-23,MARA,,US,13.63,64.82,,,0,,,,,无,NEGATIVE_EPS,,true
2026-09-23,MCD,,US,250.35,37.53,19.14,20,1,,,,,无,OK,,true
2026-09-23,META,,US,736.60,76.11,23.73,18,0,,,,,无,OK,,true
2026-09-23,MSFT,,US,498.00,54.93,25.62,,0,,,,,无,OK,,true
2026-09-23,MSTR,,US,167.33,70.05,5.26,,0,,,,,无,OK,,true
2026-09-23,MU,,US,1096.16,66.06,7.56,6,0,,,,,无,OK,,true
2026-09-23,NKE,,US,36.10,37.48,21.36,20,0,,,,,无,OK,,true
2026-09-23,NOW,,US,137.00,54.19,30.18,20,0,,,,,无,OK,,true
2026-09-23,NVDA,,US,228.87,59.52,18.99,15,0,,,,,无,OK,,true
2026-09-23,ORCL,,US,149.20,51.07,17.91,15,0,,,,,无,OK,,true
2026-09-23,PDD,,US,79.30,40.63,6.82,7,1,,,,,无,OK,,false
2026-09-23,QCOM,,US,198.27,67.99,21.53,,0,,,,,无,OK,,true
2026-09-23,SNDK,,US,1887.04,64.68,9.16,6,0,,,,,无,OK,,true
2026-09-23,TME,,US,8.17,46.29,9.28,,0,,,,,无,OK,,false
2026-09-23,TSM,,US,452.00,64.61,22.94,20,0,,,,,无,OK,,true
2026-09-24,AAPL,,US,337.02,62.94,35.29,20,0,,,,,无,OK,,true
2026-09-24,ADBE,,US,240.69,39.20,9.82,8,0,,,,,无,OK,,true
2026-09-24,AMZN,,US,249.27,44.07,27.79,20,0,,,,,无,OK,,true
2026-09-24,AVGO,,US,354.99,44.72,20.88,20,0,,,,,无,OK,,true
2026-09-24,COIN,,US,198.13,58.86,300.20,,0,,,,,无,OK,EXTREME,true
2026-09-24,CRCL,,US,91.72,53.56,70.55,,0,,,,,无,OK,,true
2026-09-24,GOOGL,,US,337.83,45.11,26.23,20,0,,,,,无,OK,,true
2026-09-24,HOOD,,US,122.70,61.15,52.44,,0,,,,,无,OK,,true
2026-09-24,INTC,,US,122.60,70.25,70.46,,0,,,,,无,OK,,true
2026-09-24,IREN,,US,47.05,58.35,,,0,,,,,无,NEGATIVE_EPS,,true
2026-09-24,MARA,,US,13.35,62.21,,,0,,,,,无,NEGATIVE_EPS,,true
2026-09-24,MCD,,US,238.32,26.23,18.22,20,1,,,,,无,OK,,true
2026-09-24,META,,US,744.10,76.99,23.97,18,0,,,,,无,OK,,true
2026-09-24,MSFT,,US,500.59,56.30,25.75,,0,,,,,无,OK,,true
2026-09-24,MSTR,,US,162.20,66.24,5.09,,0,,,,,无,OK,,true
2026-09-24,MU,,US,1071.88,62.19,7.40,6,0,,,,,无,OK,,true
2026-09-24,NKE,,US,36.05,37.23,21.46,20,0,,,,,无,OK,,true
2026-09-24,NOW,,US,140.78,57.83,31.01,20,0,,,,,无,OK,,true
2026-09-24,NVDA,,US,225.51,55.84,18.71,15,0,,,,,无,OK,,true
2026-09-24,ORCL,,US,144.56,46.73,17.37,15,0,,,,,无,OK,,true
2026-09-24,PDD,,US,79.20,40.32,6.81,7,1,,,,,无,OK,,true
2026-09-24,QCOM,,US,197.24,66.85,21.42,,0,,,,,无,OK,,true
2026-09-24,SNDK,,US,1816.57,60.05,8.82,6,0,,,,,无,OK,,true
2026-09-24,TME,,US,8.22,47.68,9.34,,0,,,,,无,OK,,true
2026-09-24,TSM,,US,446.57,60.94,22.67,20,0,,,,,无,OK,,true
2026-09-25,AAPL,,US,335.92,61.35,35.17,20,0,,,,,无,OK,,true
2026-09-25,ADBE,,US,238.93,38.33,9.75,8,0,,,,,无,OK,,true
2026-09-25,AMZN,,US,249.38,44.19,27.80,20,0,,,,,无,OK,,true
2026-09-25,AVGO,,US,350.36,42.34,20.61,20,0,,,,,无,OK,,true
2026-09-25,COIN,,US,199.21,59.28,301.83,,0,,,,,无,OK,EXTREME,true
2026-09-25,CRCL,,US,93.00,54.61,71.54,,0,,,,,无,OK,,true
2026-09-25,GOOGL,,US,342.36,48.59,26.58,20,0,,,,,无,OK,,true
2026-09-25,HOOD,,US,120.82,58.95,51.63,,0,,,,,无,OK,,true
2026-09-25,INTC,,US,127.39,73.01,73.21,,0,,,,,无,OK,,true
2026-09-25,IREN,,US,46.15,56.04,,,0,,,,,无,NEGATIVE_EPS,,true
2026-09-25,MARA,,US,12.92,58.31,,,0,,,,,无,NEGATIVE_EPS,,true
2026-09-25,MCD,,US,237.02,25.35,18.12,20,1,,,,,无,OK,,true
2026-09-25,META,,US,777.59,80.55,25.05,18,0,,,,,无,OK,,true
2026-09-25,MSFT,,US,497.93,54.46,25.61,,0,,,,,无,OK,,true
2026-09-25,MSTR,,US,161.61,65.80,5.08,,0,,,,,无,OK,,true
2026-09-25,MU,,US,1080.53,63.02,7.46,6,0,,,,,无,OK,,true
2026-09-25,NKE,,US,35.99,36.90,21.42,20,0,,,,,无,OK,,true
2026-09-25,NOW,,US,137.78,54.15,30.35,20,0,,,,,无,OK,,true
2026-09-25,NVDA,,US,224.58,54.84,18.64,15,0,,,,,无,OK,,true
2026-09-25,ORCL,,US,139.54,42.52,16.77,15,0,,,,,无,OK,,true
2026-09-25,PDD,,US,78.20,38.65,6.72,7,1,,,,,无,OK,,true
2026-09-25,QCOM,,US,194.26,63.53,21.09,,0,,,,,无,OK,,true
2026-09-25,SNDK,,US,1753.62,56.19,8.51,6,0,,,,,无,OK,,true
2026-09-25,TME,,US,8.34,51.02,9.48,,0,,,,,无,OK,,true
2026-09-25,TSM,,US,451.15,62.86,22.90,20,0,,,,,无,OK,,true
2026-09-26,AAPL,,US,341.07,65.70,35.71,20,0,9.58,0.49,2,7,强下修,OK,,true
2026-09-26,ADBE,,US,235.47,36.63,9.08,8,0,27.67,0.67,,,样本不足,OK,LOW_SAMPLE,true
2026-09-26,AMZN,,US,249.67,44.53,27.83,20,0,10.50,0.10,8,1,强上修,OK,,true
2026-09-26,AVGO,,US,352.81,44.04,20.75,20,0,19.38,-0.96,11,25,温和下修,OK,,true
2026-09-26,COIN,,US,195.11,56.89,295.62,,0,2.84,-1.45,3,5,温和下修,OK,EXTREME,true
2026-09-26,CRCL,,US,89.00,50.74,67.42,,0,1.41,2.03,5,8,温和下修,OK,,true
2026-09-26,GOOGL,,US,343.92,49.77,26.68,20,0,14.92,0.57,8,1,强上修,OK,,true
2026-09-26,HOOD,,US,119.40,57.28,51.03,,0,2.81,3.81,6,0,强上修,OK,,true
2026-09-26,INTC,,US,123.00,66.90,70.69,,0,2.06,1.05,4,1,温和上修,OK,,true
2026-09-26,IREN,,US,44.12,51.13,,,0,,,,,无,NEGATIVE_EPS,,true
2026-09-26,MARA,,US,12.55,55.12,,,0,-0.21,,,,样本不足,NEGATIVE_EPS,LOW_SAMPLE,true
2026-09-26,MCD,,US,236.50,24.98,18.16,20,1,13.87,-0.78,3,25,强下修,OK,,true
2026-09-26,META,,US,751.66,71.38,24.08,18,0,34.03,0.32,7,39,强下修,OK,,true
2026-09-26,MSFT,,US,516.17,63.31,26.55,,0,23.68,0.44,19,3,强上修,OK,,true
2026-09-26,MSTR,,US,158.61,63.48,4.98,,0,13.12,151.86,3,0,温和上修,OK,,true
2026-09-26,MU,,US,1082.28,63.20,7.48,6,0,159.49,2.37,2,2,中性,OK,,true
2026-09-26,NKE,,US,35.75,35.57,21.54,20,0,2.13,-4.85,1,5,温和下修,OK,,true
2026-09-26,NOW,,US,135.62,51.60,29.87,20,0,5.01,0.00,17,19,中性,OK,,true
2026-09-26,NVDA,,US,225.07,55.30,18.68,15,0,15.68,19.46,42,0,强上修,OK,,true
2026-09-26,ORCL,,US,137.10,40.61,16.48,15,0,11.00,0.75,4,0,温和上修,OK,,true
2026-09-26,PDD,,US,77.57,37.02,6.69,7,1,82.58,0.07,11,12,中性,OK,,true
2026-09-26,QCOM,,US,201.97,67.96,21.93,,0,10.18,-0.24,3,27,强下修,OK,,true
2026-09-26,SNDK,,US,1777.80,57.33,8.59,6,0,263.49,-0.47,7,4,温和上修,OK,,true
2026-09-26,TME,,US,8.39,52.38,9.53,,0,6.75,0.00,2,17,强下修,OK,,true
2026-09-26,TSM,,US,450.61,62.48,22.85,20,0,21.93,0.66,9,0,强上修,OK,,true
2026-09-27,AAPL,,US,341.07,65.70,35.71,20,0,9.58,0.49,2,7,强下修,OK,,true
2026-09-27,ADBE,,US,235.47,36.63,9.08,8,0,27.67,0.67,,,样本不足,OK,LOW_SAMPLE,true
2026-09-27,AMZN,,US,249.67,44.53,27.83,20,0,10.50,0.10,8,1,强上修,OK,,true
2026-09-27,AVGO,,US,352.81,44.04,20.75,20,0,19.38,-0.96,11,25,温和下修,OK,,true
2026-09-27,COIN,,US,195.11,56.89,295.62,,0,2.84,-1.45,3,5,温和下修,OK,EXTREME,true
2026-09-27,CRCL,,US,89.00,50.74,67.42,,0,1.41,2.03,5,8,温和下修,OK,,true
2026-09-27,GOOGL,,US,343.92,49.77,26.68,20,0,14.92,0.57,8,1,强上修,OK,,true
2026-09-27,HOOD,,US,119.40,57.28,51.03,,0,2.81,3.81,6,0,强上修,OK,,true
2026-09-27,INTC,,US,123.00,66.90,70.69,,0,2.06,1.05,4,1,温和上修,OK,,true
2026-09-27,IREN,,US,44.12,51.13,,,0,,,,,无,NEGATIVE_EPS,,true
2026-09-27,MARA,,US,12.55,55.12,,,0,-0.21,,,,样本不足,NEGATIVE_EPS,LOW_SAMPLE,true
2026-09-27,MCD,,US,236.50,24.98,18.16,20,1,13.87,-0.78,3,25,强下修,OK,,true
2026-09-27,META,,US,751.66,71.38,24.08,18,0,34.03,0.25,7,39,强下修,OK,,true
2026-09-27,MSFT,,US,516.17,63.31,26.55,,0,23.68,0.44,19,3,强上修,OK,,true
2026-09-27,MSTR,,US,158.61,63.48,4.98,,0,13.12,151.86,3,0,温和上修,OK,,true
2026-09-27,MU,,US,1082.28,63.20,7.48,6,0,159.49,2.37,2,2,中性,OK,,true
2026-09-27,NKE,,US,35.75,35.57,21.54,20,0,2.13,-4.85,1,5,温和下修,OK,,true
2026-09-27,NOW,,US,135.62,51.60,29.87,20,0,5.01,0.00,17,19,中性,OK,,true
2026-09-27,NVDA,,US,225.07,55.30,18.68,15,0,15.68,19.46,42,0,强上修,OK,,true
2026-09-27,ORCL,,US,137.10,40.61,16.48,15,0,11.00,0.75,4,0,温和上修,OK,,true
2026-09-27,PDD,,US,77.57,37.02,6.69,7,1,82.58,0.07,11,12,中性,OK,,true
2026-09-27,QCOM,,US,201.97,67.96,21.93,,0,10.18,-0.24,3,27,强下修,OK,,true
2026-09-27,SNDK,,US,1777.80,57.33,8.59,6,0,263.49,-0.47,7,4,温和上修,OK,,true
2026-09-27,TME,,US,8.39,52.38,9.53,,0,6.75,0.00,2,17,强下修,OK,,true
2026-09-27,TSM,,US,450.61,62.48,22.85,20,0,21.93,0.66,9,0,强上修,OK,,true
2026-09-28,AAPL,,US,338.40,65.72,35.43,20,0,9.58,0.49,2,7,强下修,OK,,true
2026-09-28,ADBE,,US,231.01,36.64,8.91,8,0,27.67,0.67,,,样本不足,OK,LOW_SAMPLE,true
2026-09-28,AMZN,,US,246.15,44.55,27.44,20,0,10.50,0.10,8,1,强上修,OK,,true
2026-09-28,AVGO,,US,349.57,44.06,20.56,20,0,19.38,-0.96,11,25,温和下修,OK,,true
2026-09-28,COIN,,US,191.79,56.91,290.59,,0,2.84,-0.73,3,5,温和下修,OK,EXTREME,true
2026-09-28,CRCL,,US,85.80,50.75,65.00,,0,1.41,2.03,5,8,温和下修,OK,,true
2026-09-28,GOOGL,,US,342.75,49.79,26.59,20,0,14.94,0.57,8,1,强上修,OK,,true
2026-09-28,HOOD,,US,116.46,57.30,49.77,,0,2.81,3.81,6,0,强上修,OK,,true
2026-09-28,INTC,,US,116.03,66.90,66.68,,0,2.06,1.05,4,1,温和上修,OK,,true
2026-09-28,IREN,,US,41.72,51.14,,,0,,,,,无,NEGATIVE_EPS,,true
2026-09-28,MARA,,US,12.11,55.13,,,0,-0.21,,,,样本不足,NEGATIVE_EPS,LOW_SAMPLE,true
2026-09-28,MCD,,US,233.60,24.99,17.94,20,1,13.87,-0.81,3,25,强下修,OK,,true
2026-09-28,META,,US,715.62,71.39,22.92,18,0,34.03,0.25,7,39,强下修,OK,,true
2026-09-28,MSFT,,US,509.22,63.32,26.19,,0,23.68,0.44,19,3,强上修,OK,,true
2026-09-28,MSTR,,US,157.14,63.49,4.94,,0,13.12,151.86,3,0,温和上修,OK,,true
2026-09-28,MU,,US,1053.98,63.20,7.28,6,0,160.19,2.81,2,2,中性,OK,,true
2026-09-28,NKE,,US,36.39,35.59,21.92,20,0,2.11,-5.55,1,5,温和下修,OK,,true
2026-09-28,NOW,,US,131.45,51.61,28.95,20,0,5.01,0.00,17,19,中性,OK,,true
2026-09-28,NVDA,,US,228.86,55.32,18.99,15,0,15.68,19.46,42,0,强上修,OK,,true
2026-09-28,ORCL,,US,132.60,40.62,15.94,15,0,11.00,0.65,4,0,温和上修,OK,,true
2026-09-28,PDD,,US,78.49,37.05,6.77,7,1,82.58,0.07,11,12,中性,OK,,true
2026-09-28,QCOM,,US,187.48,67.96,20.36,,0,10.18,-0.24,3,27,强下修,OK,,true
2026-09-28,SNDK,,US,1712.89,57.33,8.28,6,0,263.49,-0.47,7,4,温和上修,OK,,true
2026-09-28,TME,,US,8.37,52.38,9.51,,0,6.75,0.00,2,17,强下修,OK,,true
2026-09-28,TSM,,US,452.88,62.49,22.97,20,0,21.93,0.66,9,0,强上修,OK,,true
2026-09-29,AAPL,,US,329.40,61.83,34.49,20,0,9.58,0.49,2,7,强下修,OK,,true
2026-09-29,ADBE,,US,233.17,34.51,9.00,8,0,27.67,0.67,,,样本不足,OK,LOW_SAMPLE,true
2026-09-29,AMZN,,US,246.67,41.26,27.50,20,0,10.50,0.10,8,1,强上修,OK,,true
2026-09-29,AVGO,,US,355.10,42.28,20.89,20,0,19.38,-0.94,11,25,温和下修,OK,,true
2026-09-29,COIN,,US,190.02,54.97,271.46,,0,2.84,-0.73,3,5,温和下修,OK,EXTREME,true
2026-09-29,CRCL,,US,83.70,47.83,63.41,,0,1.41,2.03,5,8,温和下修,OK,,true
2026-09-29,GOOGL,,US,340.92,48.88,26.39,20,0,14.94,0.57,8,1,强上修,OK,,true
2026-09-29,HOOD,,US,116.22,53.89,48.83,,0,2.85,4.91,6,0,强上修,OK,,true
2026-09-29,INTC,,US,115.93,58.53,66.63,,0,2.06,1.05,4,1,温和上修,OK,,true
2026-09-29,IREN,,US,41.38,45.99,,,0,,,,,无,NEGATIVE_EPS,,true
2026-09-29,MARA,,US,11.99,51.51,,,0,-0.21,,,,样本不足,NEGATIVE_EPS,LOW_SAMPLE,true
2026-09-29,MCD,,US,233.98,23.01,17.97,20,1,13.86,-0.85,3,25,强下修,OK,,true
2026-09-29,META,,US,738.79,61.00,23.66,18,0,34.03,0.25,7,39,强下修,OK,,true
2026-09-29,MSFT,,US,508.96,58.65,26.18,,0,23.68,0.44,19,3,强上修,OK,,true
2026-09-29,MSTR,,US,154.67,62.33,5.16,,0,13.12,151.86,3,0,温和上修,OK,,true
2026-09-29,MU,,US,1065.08,58.35,7.27,6,0,161.49,3.65,2,2,中性,OK,,true
2026-09-29,NKE,,US,35.84,41.66,21.85,20,0,2.10,-6.00,1,5,温和下修,OK,,true
2026-09-29,NOW,,US,129.94,47.01,28.62,20,0,5.01,0.00,17,19,中性,OK,,true
2026-09-29,NVDA,,US,227.21,58.79,18.86,15,0,15.68,2.46,42,0,强上修,OK,,true
2026-09-29,ORCL,,US,137.79,37.29,16.56,15,0,11.00,0.65,4,0,温和上修,OK,,true
2026-09-29,PDD,,US,77.50,40.95,6.69,7,1,82.58,-0.83,11,12,中性,OK,,true
2026-09-29,QCOM,,US,184.10,54.55,20.01,,0,10.20,0.02,3,27,强下修,OK,,true
2026-09-29,SNDK,,US,1729.76,53.33,8.36,6,0,263.49,-0.47,7,4,温和上修,OK,,true
2026-09-29,TME,,US,7.96,51.76,9.05,,0,6.75,0.00,2,17,强下修,OK,,true
2026-09-29,TSM,,US,456.94,63.51,23.19,20,0,21.93,0.66,9,0,强上修,OK,,true
2026-09-30,AAPL,,US,333.02,50.90,34.87,20,0,9.58,0.49,2,7,强下修,OK,,true
2026-09-30,ADBE,,US,239.94,36.43,9.26,8,0,27.67,0.67,,,样本不足,OK,LOW_SAMPLE,true
2026-09-30,AMZN,,US,249.15,41.92,27.78,20,0,10.50,0.10,8,1,强上修,OK,,true
2026-09-30,AVGO,,US,351.19,46.25,20.66,20,0,19.38,-0.96,11,25,温和下修,OK,,true
2026-09-30,COIN,,US,186.41,53.91,266.30,,0,2.84,-0.73,3,5,温和下修,OK,EXTREME,true
2026-09-30,CRCL,,US,82.17,45.95,62.25,,0,1.41,2.03,5,8,温和下修,OK,,true
2026-09-30,GOOGL,,US,344.08,47.41,26.63,20,0,14.95,0.66,8,1,强上修,OK,,true
2026-09-30,HOOD,,US,112.50,53.60,47.27,,0,2.85,4.96,6,0,强上修,OK,,true
2026-09-30,INTC,,US,120.23,58.41,69.10,,0,2.06,1.05,4,1,温和上修,OK,,true
2026-09-30,IREN,,US,40.88,45.29,,,0,,,,,无,NEGATIVE_EPS,,true
2026-09-30,MARA,,US,11.33,50.54,,,0,-0.21,,,,样本不足,NEGATIVE_EPS,LOW_SAMPLE,true
2026-09-30,MCD,,US,230.94,23.85,17.74,20,1,13.86,-0.88,3,25,强下修,OK,,true
2026-09-30,META,,US,725.18,64.56,23.23,18,0,34.03,0.25,7,39,强下修,OK,,true
2026-09-30,MSFT,,US,512.90,58.47,26.38,,0,23.64,0.30,19,3,强上修,OK,,true
2026-09-30,MSTR,,US,153.09,60.33,5.11,,0,13.12,151.86,3,0,温和上修,OK,,true
2026-09-30,MU,,US,1065.11,59.66,7.27,6,0,181.98,6.41,3,1,温和上修,OK,,true
2026-09-30,NKE,,US,35.40,38.30,21.59,20,0,2.10,-6.00,1,5,温和下修,OK,,true
2026-09-30,NOW,,US,134.01,45.43,29.52,20,0,5.01,0.00,17,19,中性,OK,,true
2026-09-30,NVDA,,US,228.38,56.71,18.95,15,0,15.68,2.46,42,0,强上修,OK,,true
2026-09-30,ORCL,,US,137.30,43.08,16.50,15,0,11.00,0.65,4,0,温和上修,OK,,true
2026-09-30,PDD,,US,77.94,38.18,6.72,7,1,82.58,-0.83,11,12,中性,OK,,true
2026-09-30,QCOM,,US,184.04,51.97,20.00,,0,10.20,0.02,3,27,强下修,OK,,true
2026-09-30,SNDK,,US,1739.89,54.22,8.41,6,0,263.49,-0.47,7,4,温和上修,OK,,true
2026-09-30,TME,,US,7.93,41.10,9.01,,0,6.75,0.00,2,17,强下修,OK,,true
2026-09-30,TSM,,US,456.19,65.30,23.16,20,0,21.93,0.66,9,0,强上修,OK,,true
2026-10-01,AAPL,,US,330.32,54.39,34.59,20,0,9.58,0.47,2,7,强下修,OK,,true
2026-10-01,ADBE,,US,241.28,42.16,9.31,8,0,27.67,0.67,,,样本不足,OK,LOW_SAMPLE,true
2026-10-01,AMZN,,US,248.23,45.20,27.67,20,0,10.50,0.10,8,1,强上修,OK,,true
2026-10-01,AVGO,,US,343.64,43.94,20.21,20,0,19.39,-0.89,11,25,温和下修,OK,,true
2026-10-01,COIN,,US,189.29,51.74,270.41,,0,2.84,-0.73,3,5,温和下修,OK,EXTREME,true
2026-10-01,CRCL,,US,82.91,44.58,62.81,,0,1.39,-0.29,5,8,温和下修,OK,,true
2026-10-01,GOOGL,,US,338.24,50.18,26.18,20,0,14.95,0.66,8,1,强上修,OK,,true
2026-10-01,HOOD,,US,111.15,49.33,46.70,,0,2.85,4.14,6,0,强上修,OK,,true
2026-10-01,INTC,,US,120.00,61.82,68.97,,0,2.06,1.05,4,1,温和上修,OK,,true
2026-10-01,IREN,,US,40.65,44.22,,,0,,,,,无,NEGATIVE_EPS,,true
2026-10-01,MARA,,US,11.21,45.45,,,0,-0.21,,,,样本不足,NEGATIVE_EPS,LOW_SAMPLE,true
2026-10-01,MCD,,US,231.83,21.78,17.81,20,1,13.82,-1.12,3,25,强下修,OK,,true
2026-10-01,META,,US,725.93,61.03,23.25,18,0,34.07,0.36,7,39,强下修,OK,,true
2026-10-01,MSFT,,US,512.80,60.38,26.38,,0,23.65,0.31,19,3,强上修,OK,,true
2026-10-01,MSTR,,US,160.50,59.04,5.36,,0,13.12,151.86,3,0,温和上修,OK,,true
2026-10-01,MU,,US,1097.39,59.66,7.49,6,0,205.30,20.04,3,1,温和上修,OK,,true
2026-10-01,NKE,,US,35.15,35.83,21.43,20,0,2.10,-6.00,1,5,温和下修,OK,,true
2026-10-01,NOW,,US,137.76,50.28,30.34,20,0,5.01,0.00,17,19,中性,OK,,true
2026-10-01,NVDA,,US,230.86,57.84,19.16,15,0,15.70,1.89,42,0,强上修,OK,,true
2026-10-01,ORCL,,US,138.07,42.68,16.59,15,0,11.00,0.65,4,0,温和上修,OK,,true
2026-10-01,PDD,,US,76.50,40.11,6.60,7,1,82.58,-0.83,11,12,中性,OK,,true
2026-10-01,QCOM,,US,182.09,51.93,19.79,,0,10.20,0.02,3,27,强下修,OK,,true
2026-10-01,SNDK,,US,1787.69,54.78,8.64,6,0,263.49,-0.47,7,4,温和上修,OK,,true
2026-10-01,TME,,US,7.77,40.43,8.83,,0,6.75,0.00,2,17,强下修,OK,,true
2026-10-01,TSM,,US,459.20,64.67,23.31,20,0,21.93,0.66,9,0,强上修,OK,,true
2026-10-02,AAPL,,US,,,,20,0,9.58,,2,7,强下修,CACHED,,true
2026-10-02,ADBE,,US,,,,8,0,27.67,,,,样本不足,CACHED,LOW_SAMPLE,true
2026-10-02,AMZN,,US,,,,20,0,10.50,,8,1,强上修,CACHED,,true
2026-10-02,AVGO,,US,,,,20,0,19.39,,11,25,温和下修,CACHED,,true
2026-10-02,COIN,,US,,,,,0,2.84,,3,5,温和下修,CACHED,,true
2026-10-02,CRCL,,US,,,,,0,1.39,,5,8,温和下修,CACHED,,true
2026-10-02,GOOGL,,US,,,,20,0,14.95,,8,1,强上修,CACHED,,true
2026-10-02,HOOD,,US,,,,,0,2.85,,6,0,强上修,CACHED,,true
2026-10-02,INTC,,US,,,,,0,2.06,,4,1,温和上修,CACHED,,true
2026-10-02,IREN,,US,,,,,0,,,,,无,CACHED,,true
2026-10-02,MARA,,US,,,,,0,-0.21,,,,样本不足,CACHED,LOW_SAMPLE,true
2026-10-02,MCD,,US,,,,20,0,13.82,,3,25,强下修,CACHED,,true
2026-10-02,META,,US,,,,18,0,34.07,,7,39,强下修,CACHED,,true
2026-10-02,MSFT,,US,,,,,0,23.65,,19,3,强上修,CACHED,,true
2026-10-02,MSTR,,US,,,,,0,13.12,,3,0,温和上修,CACHED,,true
2026-10-02,MU,,US,,,,6,0,205.30,,3,1,温和上修,CACHED,,true
2026-10-02,NKE,,US,,,,20,0,2.10,,1,5,温和下修,CACHED,,true
2026-10-02,NOW,,US,,,,20,0,5.01,,17,19,中性,CACHED,,true
2026-10-02,NVDA,,US,,,,15,0,15.70,,42,0,强上修,CACHED,,true
2026-10-02,ORCL,,US,,,,15,0,11.00,,4,0,温和上修,CACHED,,true
2026-10-02,PDD,,US,,,,7,0,82.58,,11,12,中性,CACHED,,true
2026-10-02,QCOM,,US,,,,,0,10.20,,3,27,强下修,CACHED,,true
2026-10-02,SNDK,,US,,,,6,0,263.49,,7,4,温和上修,CACHED,,true
2026-10-02,TME,,US,,,,,0,6.75,,2,17,强下修,CACHED,,true
2026-10-02,TSM,,US,,,,20,0,21.93,,9,0,强上修,CACHED,,true
2026-10-03,AAPL,,US,333.69,54.72,35.91,20,0,9.58,0.47,2,7,强下修,OK,RSI_TV,true
2026-10-03,ADBE,,US,237.69,41.02,8.84,8,0,27.67,0.67,,,样本不足,OK,"LOW_SAMPLE,RSI_TV",true
2026-10-03,AMZN,,US,251.52,48.56,26.96,20,0,10.50,0.10,8,1,强上修,OK,RSI_TV,true
2026-10-03,AVGO,,US,355.14,47.64,20.43,20,0,19.39,-0.89,11,25,温和下修,OK,RSI_TV,true
2026-10-03,COIN,,US,183.00,49.45,248.47,,0,2.84,-0.73,3,5,温和下修,OK,"EXTREME,RSI_TV",true
2026-10-03,CRCL,,US,81.25,43.81,64.04,,0,1.39,-0.29,5,8,温和下修,OK,RSI_TV,true
2026-10-03,GOOGL,,US,343.50,49.97,25.49,20,0,14.95,0.66,8,1,强上修,OK,RSI_TV,true
2026-10-03,HOOD,,US,112.74,49.76,45.28,,0,2.85,4.14,6,0,强上修,OK,RSI_TV,true
2026-10-03,INTC,,US,119.33,60.64,69.96,,0,2.06,1.05,4,1,温和上修,OK,RSI_TV,true
2026-10-03,MCD,,US,231.89,23.76,17.56,20,1,13.82,-1.12,3,25,强下修,OK,RSI_TV,true
2026-10-03,META,,US,728.08,61.49,23.76,18,0,34.07,0.36,7,39,强下修,OK,RSI_TV,true
2026-10-03,MSFT,,US,517.53,62.62,26.36,,0,23.65,0.31,19,3,强上修,OK,RSI_TV,true
2026-10-03,MSTR,,US,160.01,62.62,5.04,,0,13.12,151.86,3,0,温和上修,OK,RSI_TV,true
2026-10-03,MU,,US,1074.89,59.26,6.22,6,0,205.30,20.04,3,1,温和上修,OK,RSI_TV,true
2026-10-03,NKE,,US,33.87,28.21,26.24,20,0,2.10,-6.00,1,5,温和下修,OK,RSI_TV,true
2026-10-03,NVDA,,US,233.95,62.90,19.49,15,0,15.70,1.89,42,0,强上修,OK,RSI_TV,true
2026-10-03,ORCL,,US,142.30,48.31,16.70,15,0,11.00,0.65,4,0,温和上修,OK,RSI_TV,true
2026-10-03,PDD,,US,75.38,33.38,6.69,7,1,82.58,-0.83,11,12,中性,OK,RSI_TV,true
2026-10-03,QCOM,,US,184.87,52.39,19.99,,0,10.20,0.02,3,27,强下修,OK,RSI_TV,true
2026-10-03,SNDK,,US,1719.99,52.72,8.15,6,0,263.49,-0.47,7,4,温和上修,OK,RSI_TV,true
2026-10-03,TSM,,US,472.78,71.49,24.40,20,0,21.93,0.66,9,0,强上修,OK,RSI_TV,true
