date,source,quarter,q_growth,y_growth,q_guide,q_net,q_pos,y_guide,y_net,y_pos,reported,reported_kind,eps_above,eps_surprise,forward_pe,spx_chg,fwd_eps_chg,rev_up,rev_down,theme,judgment
2026-01-09,FactSet,Q4 2025,8.3,14.9,107,-7,47,268,62,62,19,count,84,,22.2,1.1,0.2,,,通胀与关税担忧下，IT 与金融支撑盈利预期上修,Q4 2025 盈利预期罕见逆势上修、管理层指引偏乐观，但增长高度依赖信息技术与金融板块，Forward P/E 升至 22.2 的高位，需警惕科技龙头业绩兑现不足与估值扩张回撤风险。
2026-01-16,FactSet,Q4 2025,8.2,12.4,,,60,268,62,61.6,33,count,79,5.8,22.2,1.4,0.5,,,数据中心电力需求与油气价格波动,Q4 财报季早期盈利增速维持 8.2%，管理层负面指引占比低于历史均值，但 EPS Surprise 幅度偏弱且 Forward P/E 升至 22.2 高位，需警惕估值透支与能源、医疗保健下修风险。
2026-01-23,FactSet,Q4 2025,8.2,14.7,,,40,267,61,61.4,65,count,75,5.3,22.1,1,0.7,,,Magnificent 7 支撑 Q4 盈利增长,Q4 盈利增长维持 8.2%，但实际 EPS 超预期比例与 Surprise 幅度低于历史均值，Forward P/E 仍处 22.1 高位，市场高度依赖 Magnificent 7 的盈利支撑，需警惕非必需消费品估值错配与能源、医疗保健下修风险。
2026-01-30,FactSet,Q1 2026,11.7,14.3,24,10,70.8,,,,33,pct,75,9.1,22.2,1.8,1.2,,,关税与高成本,标普 500 基本面看似极贵但极具韧性，Q4 盈利和利润率强于预期、Q1 指引显著乐观，高估值仍有盈利修正支撑。
2026-02-06,FactSet,Q1 2026,11.3,14.1,51,5,54.9,260,42,58.1,59,pct,76,7.6,21.5,-0.7,2,,,美元走弱,Q4 双位数盈利增速和创纪录利润率显示基本面强韧，Q1 指引偏积极，但 21.5 倍远期 P/E 仍需通过 EPS 上修继续消化。
2026-02-13,FactSet,Q1 2026,11.1,14.4,69,7,55.1,262,32,56.1,74,pct,74,7.2,21.5,-0.2,2.2,,,需求与营收端强劲增长,营收端创三年高增并支撑利润率，科技与工业仍是核心上修来源；EPS surprise 略逊历史均值但结构性稳固未来季度修正。
2026-02-27,FactSet,Q1 2026,11.4,14.7,97,7,53.6,257,11,52,96,pct,73,6.8,21.6,0.9,3.2,,,七巨头与其余493家盈利分化,Q4 盈利收官强劲且 CY2026 预测继续上修，基本面有支撑；但高估值与巨头/非巨头分化使市场呈现牛市后期特征。
2026-03-06,FactSet,Q1 2026,11.5,15,102,10,54.9,259,3,50.6,,,,,21.2,-0.2,3.9,,,关税与中东地缘风险,Q1 EPS 预期较季初下修但科技行业盈利能力极强，企业指引仍偏乐观，大盘估值略高但正由盈利预期消化。
2026-03-12,FactSet,Q1 2026,11.6,15.3,103,11,55.3,259,1,50.2,,,,,20.9,-1,4.3,,,AI热度与中东风险监测,AI 讨论热度创新高、Q1 负面指引显著低于历史均值，支撑分析师对双位数盈利增长的判断；估值较季初回落。
2026-03-19,FactSet,Q1 2026,12.5,16.3,107,7,53.3,259,-9,48.3,,,,,20.3,-3.2,5.1,,,中东冲突与能源供应风险,指数回落但 Forward EPS 逆势上扬，显示市场在基本面支撑下杀估值；分析师买入评级维持高位，底部支撑较强。
2026-03-27,FactSet,Q1 2026,13,17.1,110,10,54.5,259,-7,48.6,0,pct,,,19.9,-3.7,6.6,,,价格下跌、盈利上修背离,Forward P/E 回落至 5 年均值而盈利预期继续上修，近期下跌更多是技术性杀估值，基本面韧性带来安全边际。
2026-04-02,FactSet,Q1 2026,13.2,17.4,110,8,54,259,-11,48,0,pct,,,19.8,-3.9,7.1,,,淡季不淡的企业乐观情绪,管理层和分析师在季初不降反升，AI/半导体与能源共同拉动盈利预期，估值风险阶段性释放。
2026-04-17,FactSet,Q2 2026,20.1,18,7,-1,42.9,260,-20,46,10,pct,88,10.8,20.9,7.6,1.5,,,Mag 7 盈利集中度,Q1 财报开局强劲验证高增长预期，但指数上涨主要依赖估值扩张且盈利集中在少数巨头，呈现高估值、高集中度、利好钝化特征。
2026-04-24,FactSet,Q2 2026,20.6,18.6,20,-2,45,262,-14,47,28,pct,84,12.3,20.9,8.9,2.3,,,高油价下的利润率韧性,Q1 财报胜率和利润率均强，打破通胀侵蚀利润的担忧；但近期涨幅多数来自估值扩张，短期容错率偏低。
2026-05-01,FactSet,Q2 2026,21.3,21.3,51,-5,45.1,262,22,54,63,pct,84,20.7,20.9,10.4,4.1,,,高油价担忧下的能源上修,Q1 盈利爆发和超预期率创多年新高，基本面韧性强；但指数大涨后远期 P/E 处于高位，利好定价较充分。
2026-05-08,FactSet,Q2 2026,19.9,21,77,1,50.6,267,41,57.7,89,pct,84,18.2,21,12.4,5.4,,,财报奖惩不对称,Q1 财报极强、利润率创新高并推动 Q2 预期上修，但市场容错率极低，负面盈利意外会触发明显惩罚。
2026-05-15,FactSet,Q2 2026,20.5,21.5,80,4,52.5,267,41,57.7,91,pct,84,17.9,21.4,14.9,5.8,,,中东局势,Q1 业绩扎实但估值已不便宜，中东地缘政治推升油价与运费，对可选消费和旅游等边缘行业形成利润侵蚀。
2026-05-21,FactSet,Q2 2026,21,22.1,92,6,53.3,267,45,58.4,94,pct,84,16.6,21.1,13.9,6.2,,,Mag 7 与其余493家公司共同复苏,盈利复苏从七巨头扩散到其余公司，Q1 实际业绩强力推动 EPS 上修；但估值扩张已领先基本面，需警惕一次性收益退潮和估值透支。
2026-05-28,FactSet,Q2 2026,21.6,22.6,102,10,54.9,267,45,58.4,97,pct,85,16.7,21.2,15.9,7.6,,,高油价,Q1 盈利爆发与 Q2/CY2026 EPS 预期逆势上修共同验证基本面韧性，但 Forward P/E 已处高位，股价涨幅中估值扩张贡献较大，需警惕后续 EPS 上修不足时的杀估值压力。
2026-06-05,FactSet,Q2 2026,21.7,22.8,108,14,56.5,266,46,59,1,pct,50,,21.1,16.2,8.2,,,高油价,盈利预期继续改善、Q1 实际业绩强劲验证，但 Forward P/E 已升至高位，股价涨幅快于 EPS 上修，需警惕估值透支与油价成本传导风险。
2026-06-12,FactSet,Q2 2026,21.9,23.2,109,15,56.9,267,53,59.9,1,pct,60,,20.1,11.3,8.8,,,AI热度创新高与通胀关注回升,Q2 预期和管理层指引继续走强，AI 仍是股价与盈利上修核心主线；但实际披露仅 1%，验证尚未开始，且估值仍高于历史均值，需警惕预期过满与通胀压力回升。
2026-06-18,FactSet,Q2 2026,22,23.3,110,14,56,267,53,60,1.4,pct,71,,,,,,,分析师评级极度乐观与盈利预期继续上修,S&P 500 盈利前景极度乐观：Q2 EPS 预期升至 22.0%，管理层季度正面指引比例 56% 且远高于历史均值，初期实际披露也偏正面；但样本量仅 1.4%，Buy 评级处历史高位，需警惕预期过满、医疗保健拖累及能源盈利与股价背离。
2026-06-26,FactSet,Q2 2026,23.1,24,111,15,56.8,266,44,58.3,100,pct,85,16.3,20.1,12.7,10.4,,,盈利上修与分析师目标价上行,Q2 盈利预期和管理层指引继续大幅走强，指数上涨主要由盈利上修而非单纯估值扩张驱动；但 Forward P/E 仍高于历史均值，且 Q2 实际业绩验证尚未全面展开，需警惕预期过满和高估值回撤风险。
2026-07-02,FactSet,Q2 2026,23.3,24.1,111,15,56.8,265,45,58.5,100,pct,85,16.3,20.4,14.6,10.8,,,盈利上修与科技正面指引创纪录,通胀叙事退居二线，盈利硬实力接管美股主导权；科技公司创纪录正面指引和分析师逆势上调预期提供支撑，但 Forward P/E 升至 20.4 后财报容错率偏低，仍需等待 Q2 实际披露验证。
2026-07-10,FactSet,Q2 2026,23.6,24.2,111,13,55.9,265,43,58.1,4,pct,89,14.5,20.5,15.5,11.2,,,财报季强劲开局与能源/科技盈利上修,Q2 财报季开局强劲，4% 公司已披露且 89% EPS 超预期，+14.5% 盈利惊喜推动盈利继续上修；科技与能源仍是核心驱动，20.5 倍 Forward P/E 虽高但主要由 EPS 上修支撑，后续需验证金融财报、保险成本压力与天然气链条低迷风险。
2026-07-17,FactSet,Q2 2026,24.7,24.5,9,1,55.6,265,45,58.5,10,pct,88,16.4,20.3,0.5,1.1,,,盈利动能从 Mag 7 向其余 493 家公司扩散,Q2 财报季继续强劲，10% 公司已披露且 88% EPS 超预期，+16.4% 盈利惊喜推动 blended EPS growth 升至 24.7%；盈利动能正从 Mag 7 向其余 493 家扩散，金融与能源接棒，20.3 倍 Forward P/E 在 EPS 上修下小幅消化，后续需警惕负面 surprise 的严厉惩罚与工业/可选消费高估值错配风险。
2026-07-24,FactSet,Q2 2026,37.9,27.3,20,2,55,265,45,58.5,27,pct,86,39.3,20.1,-0.05,1.6,,,Alphabet 未实现投资收益显著拉升标普 500 盈利增速与净利润率,Q2 财报季数据极强，27% 公司已披露且 86% EPS 超预期，+39.3% 盈利惊喜推动 blended EPS growth 升至 37.9%；但增速大幅受 Alphabet 980 亿美元未实现投资收益拉动，剔除后盈利仍稳健但结构分化明显。20.1 倍 Forward P/E 在 Forward EPS 上修 +1.6%、指数基本持平下有所压缩，后续关注 Amazon、Meta 等大型科技股对盈利质量与估值消化的验证。
2026-07-31,FactSet,Q2 2026,47.4,29.1,54,14,63,,,,61,pct,86,31.4,19.6,,3.2,,,Alphabet 与 Amazon 非经营投资收益显著拉升大盘盈利，海外收入占比高的企业表现更优,Q2 财报季数据极强，61% 公司已披露且 86% EPS 超预期，+31.4% 盈利惊喜推动 blended EPS growth 升至 47.4%；但增速大幅受 Alphabet 与 Amazon 投资重估收益拉动，剔除后 EPS 增速仍达 28.8%，基本面依旧强劲。19.6 倍 Forward P/E 已回落至 5 年均值下方，后续关注核心营业利润率能否维持高位，以及材料、医疗行业下修风险。
2026-08-07,FactSet,Q2 2026,50.4,30,75,25,67,269,75,64,88,pct,86,29.2,20,2.8,4.7,,,能源暴利与AI科技高景气驱动标普500录得近5年最强营收与利润爆发,Q2财报季进入尾声，88%公司已披露且EPS增速高达50.4%，创2021年以来新高；虽然Alphabet与Amazon的一次性投资收益大幅拉高了整体数据（剔除后EPS增速仍达32%），但16.9%的创纪录净利率显示出极强的盈利质量。目前标普500上涨完全由盈利预期上修（+4.7%）驱动，Forward P/E回落至20.0倍，估值压力得到主动消化，市场表现极其健康。
2026-08-15,LSEG,Q2 2026,51.6,34,80,22,60,,,,91,pct,84.8,8.4,20.7,,,,,,
2026-08-21,LSEG,Q2 2026,51.9,34,87,22,58.6,,,,93,pct,85.2,8.4,20.2,,,,,,
2026-08-28,LSEG,Q2 2026,53,34.3,100,25,58,,,,97,pct,85.7,8.5,20.4,,,,,,
2026-09-04,LSEG,Q2 2026,53.3,34.6,108,27,58,,,,98,pct,86,8.5,20.3,,,,,Q2盈利继续小幅上修，EPS surprise维持高位，26Q3管理层指引偏乐观,Q2财报季已近尾声，492/500家公司已披露盈利，86.0%超预期且EPS surprise达+8.5%，blended EPS growth小幅升至53.3%，实际业绩继续验证强盈利预期；26Q3预公告108家中63家正向、36家负向，N/P比率0.6，指引仍偏多；但Forward P/E 20.3倍、Trailing P/E 24.1倍下估值不低，后续重点跟踪ADBE、ORCL等尾部科技链披露及27Q2增速放缓风险。
2026-09-11,LSEG,Q2 2026,53.4,35,110,27,58.2,,,,99.2,pct,85.7,8.4,19.9,,,,,Q2盈利基本收官，EPS surprise维持高位，26Q3与CY2026继续上修但revisions动能放缓,Q2财报季已基本收官，496/500家公司已披露盈利，85.7%超预期且EPS surprise达+8.4%，blended EPS growth小幅升至53.4%，实际业绩继续验证强盈利预期；26Q3预公告110家中64家正向、37家负向，N/P比率0.6，指引仍偏多；但S&P 500 Forward P/E 19.9倍、Trailing P/E 23.6倍下估值不低，本周S&P 500盈利上修占比从72%降至58%，且CY2027 EPS growth下修至15.3%，后续重点跟踪revisions能否延续与远端预期是否企稳。
2026-09-18,LSEG,Q2 2026,53.4,35,113,24,56.6,,,,99.2,pct,85.7,8.4,20,,,,,Q2盈利业绩兑现强，26Q3指引偏乐观，但EPS revisions上修占比从58%降至54%,Q2财报季进入尾声，496/500家已披露，85.7%超预期、EPS surprise +8.4%，blended EPS growth 53.4%；26Q3预公告113家中64家正向、40家负向，N/P 0.6，指引偏多；但Forward P/E 20.0倍、Trailing P/E 23.8倍估值不低，上修占比降温且CY2027 EPS growth仅15.3%，后续重点跟踪revisions能否延续。
2026-09-25,LSEG,Q2 2026,53.7,35.3,114,25,57,,,,99.2,pct,86.1,8.5,20.2,,,220,246,业绩兑现仍强，但S&P 500 FY1 EPS修正转为净下修（220上/246下），估值上行快于盈利预期,Q2财报季基本收官，496/500家已披露，86.1%超预期、EPS surprise +8.5%，blended EPS growth升至53.7%；26Q3预公告114家中65家正向、40家负向，N/P 0.6，指引偏多；但bottom-up EPS全线小幅下修，Forward P/E升至20.2倍、Trailing P/E 24.0倍，盈利修正动量不配合估值，后续重点跟踪Micron、Accenture、Nike及revisions是否持续净下修。
2026-10-01,LSEG,Q3 2026,30.6,35.8,114,25,57,,,,2.6,pct,84.6,5.3,20.1,,,344,327,26Q3财报季开局13家披露、84.6%超预期，EPS修正由净下修转净上修（344上/327下）,26Q3财报季开局，13/500家已披露，84.6%超预期、EPS surprise +5.3%，blended EPS growth 30.6%；26Q4预公告114家中65家正向、40家负向，N/P 0.6，指引偏多；但Forward P/E 20.1倍、Trailing P/E 23.8倍仍处高位，EPS修正由前周净下修转净上修（344上/327下），修正动量回暖但估值不低，后续重点跟踪下周PepsiCo、Constellation Brands、Delta及revisions能否延续净上修。
