release_at,title,impact,forecast,previous,first_seen,last_seen
2026-09-29T10:00:00-04:00,CB Consumer Confidence,Medium,89.2,89.4,2026-09-28T02:37:53Z,2026-09-29T02:17:46Z
2026-09-29T10:00:00-04:00,JOLTS Job Openings,Medium,7.23M,7.27M,2026-09-28T02:37:53Z,2026-09-29T02:17:46Z
2026-09-30T08:15:00-04:00,ADP Non-Farm Employment Change,Medium,73K,38K,2026-09-28T02:37:53Z,2026-09-30T01:33:16Z
2026-09-30T08:30:00-04:00,Core PCE Price Index m/m,High,0.3%,0.2%,2026-09-28T02:37:53Z,2026-09-30T01:33:16Z
2026-09-30T08:30:00-04:00,Final GDP Price Index q/q,Medium,6.4%,6.4%,2026-09-28T02:37:53Z,2026-09-30T01:33:16Z
2026-09-30T08:30:00-04:00,Final GDP q/q,High,1.5%,1.5%,2026-09-28T02:37:53Z,2026-09-30T01:33:16Z
2026-09-30T15:30:00-04:00,President Trump Speaks,Medium,,,2026-10-01T01:33:10Z,2026-10-01T01:33:10Z
2026-09-30T18:00:00-04:00,FOMC Member Kashkari Speaks,Medium,,,2026-10-01T01:33:10Z,2026-10-01T01:33:10Z
2026-10-01T08:30:00-04:00,Unemployment Claims,Medium,201K,197K,2026-09-28T02:37:53Z,2026-10-01T01:33:10Z
2026-10-01T10:00:00-04:00,FOMC Member Waller Speaks,Medium,,,2026-09-28T02:37:53Z,2026-10-01T01:33:10Z
2026-10-01T10:00:00-04:00,ISM Manufacturing PMI,Medium,54.8,54.6,2026-09-28T02:37:53Z,2026-10-01T01:33:10Z
2026-10-02T08:30:00-04:00,Average Hourly Earnings m/m,High,0.3%,0.3%,2026-09-28T02:37:53Z,2026-10-02T01:48:46Z
2026-10-02T08:30:00-04:00,Non-Farm Employment Change,High,89K,162K,2026-09-28T02:37:53Z,2026-10-02T01:48:46Z
2026-10-02T08:30:00-04:00,Unemployment Rate,High,4.1%,4.1%,2026-09-28T02:37:53Z,2026-10-02T01:48:46Z
2026-10-05T10:00:00-04:00,ISM Services PMI,Medium,55.1,55.4,2026-10-05T01:15:46Z,2026-10-05T01:15:46Z
2026-10-07T13:00:00-04:00,President Trump Speaks,Medium,,,2026-10-08T02:15:44Z,2026-10-08T02:15:44Z
2026-10-07T14:00:00-04:00,FOMC Meeting Minutes,High,,,2026-10-05T01:15:46Z,2026-10-07T01:48:11Z
2026-10-08T04:30:00-04:00,FOMC Member Waller Speaks,Medium,,,2026-10-06T02:30:07Z,2026-10-08T02:15:44Z
2026-10-08T08:30:00-04:00,Unemployment Claims,Medium,200K,197K,2026-10-05T01:15:46Z,2026-10-08T02:15:44Z
2026-10-09T10:00:00-04:00,Prelim UoM Consumer Sentiment,Medium,47.5,47.8,2026-10-05T01:15:46Z,2026-10-08T02:15:44Z
2026-10-09T10:00:00-04:00,Prelim UoM Inflation Expectations,Medium,,4.6%,2026-10-05T01:15:46Z,2026-10-08T02:15:44Z
