date,series_id,value,obs_date,remark
2026-09-26,effr_next,4.046,2026-09-25,"Investing Fed Rate Monitor；当前EFFR 3.88%(2026-09-24)；按目标上限-EFFR利差12bp折算；最大概率区间4.00 - 4.25(66.6%)；**隐含加息0.7次**；概率更新时间 Sep 26, 2026 12:35AM EDT"
2026-09-26,effr_ny,4.762,2026-09-25,"Investing Fed Rate Monitor；当前EFFR 3.88%(2026-09-24)；按目标上限-EFFR利差12bp折算；最大概率区间4.75 - 5.00(28.9%)；**隐含加息3.5次**；概率更新时间 Sep 26, 2026 12:35AM EDT"
2026-09-26,effr_year,4.24,2026-09-25,"Investing Fed Rate Monitor；当前EFFR 3.88%(2026-09-24)；按目标上限-EFFR利差12bp折算；最大概率区间4.25 - 4.50(51.6%)；**隐含加息1.4次**；概率更新时间 Sep 26, 2026 12:35AM EDT"
2026-09-27,effr_next,4.046,2026-09-25,"Investing Fed Rate Monitor；当前EFFR 3.88%(2026-09-24)；按目标上限-EFFR利差12bp折算；最大概率区间4.00 - 4.25(66.6%)；**隐含加息0.7次**；概率更新时间 Sep 26, 2026 12:35AM EDT"
2026-09-27,effr_ny,4.762,2026-09-25,"Investing Fed Rate Monitor；当前EFFR 3.88%(2026-09-24)；按目标上限-EFFR利差12bp折算；最大概率区间4.75 - 5.00(28.9%)；**隐含加息3.5次**；概率更新时间 Sep 26, 2026 12:35AM EDT"
2026-09-27,effr_year,4.24,2026-09-25,"Investing Fed Rate Monitor；当前EFFR 3.88%(2026-09-24)；按目标上限-EFFR利差12bp折算；最大概率区间4.25 - 4.50(51.6%)；**隐含加息1.4次**；概率更新时间 Sep 26, 2026 12:35AM EDT"
2026-09-28,effr_next,4.061,2026-09-28,"Investing Fed Rate Monitor；当前EFFR 3.88%(2026-09-25)；按目标上限-EFFR利差12bp折算；最大概率区间4.00 - 4.25(72.3%)；**隐含加息0.7次**；概率更新时间 Sep 28, 2026 10:15PM EDT"
2026-09-28,effr_ny,4.83,2026-09-28,"Investing Fed Rate Monitor；当前EFFR 3.88%(2026-09-25)；按目标上限-EFFR利差12bp折算；最大概率区间4.75 - 5.00(30.3%)；**隐含加息3.8次**；概率更新时间 Sep 28, 2026 10:15PM EDT"
2026-09-28,effr_year,4.263,2026-09-28,"Investing Fed Rate Monitor；当前EFFR 3.88%(2026-09-25)；按目标上限-EFFR利差12bp折算；最大概率区间4.25 - 4.50(58.4%)；**隐含加息1.5次**；概率更新时间 Sep 28, 2026 10:15PM EDT"
2026-09-29,effr_next,3.998,2026-09-29,"Investing Fed Rate Monitor；当前EFFR 3.88%(2026-09-28)；按目标上限-EFFR利差12bp折算；最大概率区间3.75 - 4.00(52.9%)；**隐含加息0.5次**；概率更新时间 Sep 29, 2026 07:45PM EDT"
2026-09-29,effr_ny,4.803,2026-09-29,"隐含加息3.7次，最大概率区间4.75 - 5.00（概率29.9%），5日累计变化历史快照不足，更新时间Sep 29, 2026 11:55PM EDT，日期2026-09-29"
2026-09-29,effr_year,4.205,2026-09-29,"隐含加息1.3次，最大概率区间4.00 - 4.25（概率50.4%），略转鸽理由：单日下降5.8bp，达到5bp，5日累计变化历史快照不足，更新时间Sep 29, 2026 11:55PM EDT，日期2026-09-29"
2026-09-30,effr_ny,4.809,2026-09-30,"隐含加息3.7次，最大概率区间4.75 - 5.00（概率29.0%），5日累计变化历史快照不足，更新时间Sep 30, 2026 08:45PM EDT，日期2026-09-30"
2026-09-30,effr_year,4.171,2026-09-30,"隐含加息1.2次，最大概率区间4.00 - 4.25（概率58.9%），5日累计变化历史快照不足，更新时间Sep 30, 2026 08:45PM EDT，日期2026-09-30"
2026-10-01,effr_ny,4.668,2026-10-01,"隐含加息3.2次，最大概率区间4.50 - 4.75（概率28.9%），明显转鸽理由：单日下降14.1bp，超过10bp，5日累计变化历史快照不足，更新时间Oct 01, 2026 07:45PM EDT，日期2026-10-01"
2026-10-01,effr_year,4.133,2026-10-01,"隐含加息1.0次，最大概率区间4.00 - 4.25（概率60.5%），5日累计变化历史快照不足，更新时间Oct 01, 2026 07:45PM EDT，日期2026-10-01"
2026-10-03,effr_ny,4.715,2026-10-02,"休市/未更新，停留1天，使用最近价格 2026-10-02；隐含加息3.3次（ZQ期货口径，无概率分布/最大概率区间）；TradingView CBOT:ZQF2028 收盘95.285→100−价格=4.715%，对应会议2027-12-08后首个整月；当前EFFR 3.88%(2026-10-01)；ZQ口径无历史快照，不与Investing口径比较，单日变化留空；Investing失败回退：Investing Fed Rate Monitor missing Oct 28, 2026，日期2026-10-02"
2026-10-03,effr_year,4.145,2026-10-02,"休市/未更新，停留1天，使用最近价格 2026-10-02；隐含加息1.1次（ZQ期货口径，无概率分布/最大概率区间）；TradingView CBOT:ZQF2027 收盘95.855→100−价格=4.145%，对应会议2026-12-09后首个整月；当前EFFR 3.88%(2026-10-01)；ZQ口径无历史快照，不与Investing口径比较，单日变化留空；Investing失败回退：Investing Fed Rate Monitor missing Oct 28, 2026，日期2026-10-02"
2026-10-04,effr_ny,4.715,2026-10-02,休市/未更新，停留2天，使用最近价格 2026-10-02；隐含加息3.3次（TradingView ZQ期货主源，无概率分布/最大概率区间）；TradingView CBOT:ZQF2028 收盘95.285→100−价格=4.715%，对应会议2027-12-08后首个整月；当前EFFR 3.88%(2026-10-02)，5日累计变化历史快照不足，日期2026-10-02
2026-10-04,effr_year,4.145,2026-10-02,休市/未更新，停留2天，使用最近价格 2026-10-02；隐含加息1.1次（TradingView ZQ期货主源，无概率分布/最大概率区间）；TradingView CBOT:ZQF2027 收盘95.855→100−价格=4.145%，对应会议2026-12-09后首个整月；当前EFFR 3.88%(2026-10-02)，5日累计变化历史快照不足，日期2026-10-02
2026-10-05,effr_ny,4.735,2026-10-05,隐含加息3.4次（TradingView ZQ期货主源，无概率分布/最大概率区间）；TradingView CBOT:ZQF2028 收盘95.265→100−价格=4.735%，对应会议2027-12-08后首个整月；当前EFFR 3.88%(2026-10-02)，5日累计变化历史快照不足，日期2026-10-05
2026-10-05,effr_year,4.155,2026-10-05,隐含加息1.1次（TradingView ZQ期货主源，无概率分布/最大概率区间）；TradingView CBOT:ZQF2027 收盘95.845→100−价格=4.155%，对应会议2026-12-09后首个整月；当前EFFR 3.88%(2026-10-02)，5日累计变化历史快照不足，日期2026-10-05
2026-10-06,effr_ny,4.695,2026-10-06,隐含加息3.3次（TradingView ZQ期货主源，无概率分布/最大概率区间）；TradingView CBOT:ZQF2028 收盘95.305→100−价格=4.695%，对应会议2027-12-08后首个整月；当前EFFR 3.88%(2026-10-05)，5日累计变化历史快照不足，日期2026-10-06
2026-10-06,effr_year,4.145,2026-10-06,隐含加息1.1次（TradingView ZQ期货主源，无概率分布/最大概率区间）；TradingView CBOT:ZQF2027 收盘95.855→100−价格=4.145%，对应会议2026-12-09后首个整月；当前EFFR 3.88%(2026-10-05)，5日累计变化历史快照不足，日期2026-10-06
2026-10-07,effr_ny,4.65,2026-10-07,隐含加息3.1次（TradingView ZQ期货主源，无概率分布/最大概率区间）；TradingView CBOT:ZQF2028 收盘95.350→100−价格=4.650%，对应会议2027-12-08后首个整月；当前EFFR 3.88%(2026-10-06)，5日累计变化历史快照不足，日期2026-10-07
2026-10-07,effr_year,4.125,2026-10-07,隐含加息1.0次（TradingView ZQ期货主源，无概率分布/最大概率区间）；TradingView CBOT:ZQF2027 收盘95.875→100−价格=4.125%，对应会议2026-12-09后首个整月；当前EFFR 3.88%(2026-10-06)，5日累计变化历史快照不足，日期2026-10-07
2026-10-08,effr_ny,4.655,,隐含加息3.1次（TradingView ZQ期货主源，无概率分布/最大概率区间）；合约 CBOT:ZQF2028，对应会议 2027-12-08 后首个整月；收盘95.345→100−价格=4.655%；当前EFFR 3.88%(2026-10-07)；变动说明：5日累计下降6.0bp，超过5bp，日期2026-10-08
2026-10-08,effr_year,4.13,,隐含加息1.0次（TradingView ZQ期货主源，无概率分布/最大概率区间）；合约 CBOT:ZQF2027，对应会议 2026-12-09 后首个整月；收盘95.870→100−价格=4.130%；当前EFFR 3.88%(2026-10-07)，日期2026-10-08
2026-10-09,effr_ny,4.69,,隐含加息3.2次（TradingView ZQ期货主源，无概率分布/最大概率区间）；合约 CBOT:ZQF2028，对应会议 2027-12-08 后首个整月；收盘95.310→100−价格=4.690%；当前EFFR 3.88%(2026-10-08)，日期2026-10-09
2026-10-09,effr_year,4.14,,隐含加息1.0次（TradingView ZQ期货主源，无概率分布/最大概率区间）；合约 CBOT:ZQF2027，对应会议 2026-12-09 后首个整月；收盘95.860→100−价格=4.140%；当前EFFR 3.88%(2026-10-08)，日期2026-10-09
