period,measure,nowcast,actual,fetched_at
2026-10,CPI,3.6330049944524,,2026-10-08T02:15:45Z
2026-10,PCE,3.69169775981693,,2026-10-08T02:15:45Z
2026-10,核心 CPI,2.29751877767275,,2026-10-08T02:15:45Z
2026-10,核心 PCE,3.09646243319499,,2026-10-08T02:15:45Z
2026-7,CPI,3.41865491219704,3.3648250414799,2026-10-01T01:33:10Z
2026-7,PCE,3.65084911929741,3.70116572148709,2026-10-01T01:33:10Z
2026-7,核心 CPI,2.52318470411008,2.47826615599731,2026-10-01T01:33:10Z
2026-7,核心 PCE,3.28881495215323,3.34414300403383,2026-10-01T01:33:10Z
2026-8,CPI,3.37583994813757,3.39654789243649,2026-10-08T02:15:45Z
2026-8,PCE,3.78443827980446,3.41903182450543,2026-10-08T02:15:45Z
2026-8,核心 CPI,2.38356235342767,2.44597993757008,2026-10-08T02:15:45Z
2026-8,核心 PCE,3.39547146736592,3.00759597618561,2026-10-08T02:15:45Z
2026-9,CPI,3.60066057218129,,2026-10-08T02:15:45Z
2026-9,PCE,3.55702165193708,,2026-10-08T02:15:45Z
2026-9,核心 CPI,2.39023925044117,,2026-10-08T02:15:45Z
2026-9,核心 PCE,3.02314853728072,,2026-10-08T02:15:45Z
