ticker,item,end,value,concept
ADI,cogs,2017-01-28,335945000.0,CostOfGoodsAndServicesSold
ADI,cogs,2017-04-29,507539000.0,CostOfGoodsAndServicesSold
ADI,cogs,2017-07-29,667278000.0,CostOfGoodsAndServicesSold
ADI,cogs,2017-10-28,535145000.0,CostOfGoodsAndServicesSold
ADI,cogs,2018-02-03,495113000.0,CostOfGoodsAndServicesSold
ADI,cogs,2018-05-05,491038000.0,CostOfGoodsAndServicesSold
ADI,cogs,2018-08-04,497557000.0,CostOfGoodsAndServicesSold
ADI,cogs,2018-11-03,490585000.0,CostOfGoodsAndServicesSold
ADI,cogs,2019-02-02,501445000.0,CostOfGoodsAndServicesSold
ADI,cogs,2019-05-04,492510000.0,CostOfGoodsAndServicesSold
ADI,cogs,2019-08-03,482332000.0,CostOfGoodsAndServicesSold
ADI,cogs,2019-11-02,501028000.0,CostOfGoodsAndServicesSold
ADI,cogs,2021-01-30,513087000.0,CostOfGoodsAndServicesSold
ADI,cogs,2021-05-01,524770000.0,CostOfGoodsAndServicesSold
ADI,cogs,2021-07-31,537669000.0,CostOfGoodsAndServicesSold
ADI,cogs,2021-10-30,1217748000.0,CostOfGoodsAndServicesSold
ADI,cogs,2022-01-29,1282296000.0,CostOfGoodsAndServicesSold
ADI,cogs,2022-04-30,1027544000.0,CostOfGoodsAndServicesSold
ADI,cogs,2022-07-30,1066738000.0,CostOfGoodsAndServicesSold
ADI,cogs,2022-10-29,1104901000.0,CostOfGoodsAndServicesSold
ADI,cogs,2023-01-28,1125289000.0,CostOfGoodsAndServicesSold
ADI,cogs,2023-04-29,1118384000.0,CostOfGoodsAndServicesSold
ADI,cogs,2023-07-29,1114880000.0,CostOfGoodsAndServicesSold
ADI,cogs,2023-10-28,1069768000.0,CostOfGoodsAndServicesSold
ADI,cogs,2024-02-03,1038763000.0,CostOfGoodsAndServicesSold
ADI,cogs,2024-05-04,979004000.0,CostOfGoodsAndServicesSold
ADI,cogs,2024-08-03,1000970000.0,CostOfGoodsAndServicesSold
ADI,cogs,2024-11-02,1027077000.0,CostOfGoodsAndServicesSold
ADI,cogs,2025-02-01,992871000.0,CostOfGoodsAndServicesSold
ADI,cogs,2025-05-03,1028458000.0,CostOfGoodsAndServicesSold
ADI,cogs,2025-08-02,1090600000.0,CostOfGoodsAndServicesSold
ADI,cogs,2025-11-01,1134300000.0,CostOfGoodsAndServicesSold
ADI,cogs,2026-01-31,1115287000.0,CostOfGoodsAndServicesSold
ADI,cogs,2026-05-02,1183667000.0,CostOfGoodsAndServicesSold
ADI,cogs,2026-08-01,1314355000.0,CostOfGoodsAndServicesSold
ADI,inventory,2015-01-31,367238000.0,InventoryNet
ADI,inventory,2015-05-02,394494000.0,InventoryNet
ADI,inventory,2015-08-01,424475000.0,InventoryNet
ADI,inventory,2015-10-31,412314000.0,InventoryNet
ADI,inventory,2016-01-30,404852000.0,InventoryNet
ADI,inventory,2016-04-30,399459000.0,InventoryNet
ADI,inventory,2016-07-30,392303000.0,InventoryNet
ADI,inventory,2016-10-29,376555000.0,InventoryNet
ADI,inventory,2017-01-28,365586000.0,InventoryNet
ADI,inventory,2017-04-29,647858000.0,InventoryNet
ADI,inventory,2017-07-29,519695000.0,InventoryNet
ADI,inventory,2017-10-28,550816000.0,InventoryNet
ADI,inventory,2018-02-03,559720000.0,InventoryNet
ADI,inventory,2018-05-05,551220000.0,InventoryNet
ADI,inventory,2018-08-04,563645000.0,InventoryNet
ADI,inventory,2018-11-03,586760000.0,InventoryNet
ADI,inventory,2019-02-02,593211000.0,InventoryNet
ADI,inventory,2019-05-04,608085000.0,InventoryNet
ADI,inventory,2019-08-03,638305000.0,InventoryNet
ADI,inventory,2019-11-02,609886000.0,InventoryNet
ADI,inventory,2020-02-01,588503000.0,InventoryNet
ADI,inventory,2020-05-02,590268000.0,InventoryNet
ADI,inventory,2020-08-01,612646000.0,InventoryNet
ADI,inventory,2020-10-31,608260000.0,InventoryNet
ADI,inventory,2021-01-30,618640000.0,InventoryNet
ADI,inventory,2021-05-01,641202000.0,InventoryNet
ADI,inventory,2021-07-31,657520000.0,InventoryNet
ADI,inventory,2021-10-30,1200610000.0,InventoryNet
ADI,inventory,2022-01-29,972571000.0,InventoryNet
ADI,inventory,2022-04-30,1075297000.0,InventoryNet
ADI,inventory,2022-07-30,1203394000.0,InventoryNet
ADI,inventory,2022-10-29,1399914000.0,InventoryNet
ADI,inventory,2023-01-28,1522942000.0,InventoryNet
ADI,inventory,2023-04-29,1648136000.0,InventoryNet
ADI,inventory,2023-07-29,1709313000.0,InventoryNet
ADI,inventory,2023-10-28,1642214000.0,InventoryNet
ADI,inventory,2024-02-03,1553221000.0,InventoryNet
ADI,inventory,2024-05-04,1479081000.0,InventoryNet
ADI,inventory,2024-08-03,1427936000.0,InventoryNet
ADI,inventory,2024-11-02,1447687000.0,InventoryNet
ADI,inventory,2025-02-01,1474656000.0,InventoryNet
ADI,inventory,2025-05-03,1524897000.0,InventoryNet
ADI,inventory,2025-08-02,1596853000.0,InventoryNet
ADI,inventory,2025-11-01,1656323000.0,InventoryNet
ADI,inventory,2026-01-31,1767104000.0,InventoryNet
ADI,inventory,2026-05-02,1848405000.0,InventoryNet
ADI,inventory,2026-08-01,1931496000.0,InventoryNet
ADI,revenue,2018-02-03,1566870000.0,RevenueFromContractWithCustomerExcludingAssessedTax
ADI,revenue,2018-05-05,1563502000.0,RevenueFromContractWithCustomerExcludingAssessedTax
ADI,revenue,2018-08-04,1558189000.0,RevenueFromContractWithCustomerExcludingAssessedTax
ADI,revenue,2018-11-03,1536128000.0,RevenueFromContractWithCustomerExcludingAssessedTax
ADI,revenue,2019-02-02,1541101000.0,RevenueFromContractWithCustomerExcludingAssessedTax
ADI,revenue,2019-05-04,1526602000.0,RevenueFromContractWithCustomerExcludingAssessedTax
ADI,revenue,2019-08-03,1480143000.0,RevenueFromContractWithCustomerExcludingAssessedTax
ADI,revenue,2019-11-02,1443219000.0,RevenueFromContractWithCustomerExcludingAssessedTax
ADI,revenue,2020-02-01,1303565000.0,RevenueFromContractWithCustomerExcludingAssessedTax
ADI,revenue,2020-05-02,1317060000.0,RevenueFromContractWithCustomerExcludingAssessedTax
ADI,revenue,2020-08-01,1456136000.0,RevenueFromContractWithCustomerExcludingAssessedTax
ADI,revenue,2020-10-31,1526295000.0,RevenueFromContractWithCustomerExcludingAssessedTax
ADI,revenue,2021-01-30,1558458000.0,RevenueFromContractWithCustomerExcludingAssessedTax
ADI,revenue,2021-05-01,1661407000.0,RevenueFromContractWithCustomerExcludingAssessedTax
ADI,revenue,2021-07-31,1758853000.0,RevenueFromContractWithCustomerExcludingAssessedTax
ADI,revenue,2021-10-30,2339568000.0,RevenueFromContractWithCustomerExcludingAssessedTax
ADI,revenue,2022-01-29,2684293000.0,RevenueFromContractWithCustomerExcludingAssessedTax
ADI,revenue,2022-04-30,2972064000.0,RevenueFromContractWithCustomerExcludingAssessedTax
ADI,revenue,2022-07-30,3109880000.0,RevenueFromContractWithCustomerExcludingAssessedTax
ADI,revenue,2022-10-29,3247716000.0,RevenueFromContractWithCustomerExcludingAssessedTax
ADI,revenue,2023-01-28,3249630000.0,RevenueFromContractWithCustomerExcludingAssessedTax
ADI,revenue,2023-04-29,3262930000.0,RevenueFromContractWithCustomerExcludingAssessedTax
ADI,revenue,2023-07-29,3076495000.0,RevenueFromContractWithCustomerExcludingAssessedTax
ADI,revenue,2023-10-28,2716484000.0,RevenueFromContractWithCustomerExcludingAssessedTax
ADI,revenue,2024-02-03,2512704000.0,RevenueFromContractWithCustomerExcludingAssessedTax
ADI,revenue,2024-05-04,2159039000.0,RevenueFromContractWithCustomerExcludingAssessedTax
ADI,revenue,2024-08-03,2312209000.0,RevenueFromContractWithCustomerExcludingAssessedTax
ADI,revenue,2024-11-02,2443205000.0,RevenueFromContractWithCustomerExcludingAssessedTax
ADI,revenue,2025-02-01,2423174000.0,RevenueFromContractWithCustomerExcludingAssessedTax
ADI,revenue,2025-05-03,2640068000.0,RevenueFromContractWithCustomerExcludingAssessedTax
ADI,revenue,2025-08-02,2880348000.0,RevenueFromContractWithCustomerExcludingAssessedTax
ADI,revenue,2025-11-01,3076117000.0,RevenueFromContractWithCustomerExcludingAssessedTax
ADI,revenue,2026-01-31,3160263000.0,RevenueFromContractWithCustomerExcludingAssessedTax
ADI,revenue,2026-05-02,3623465000.0,RevenueFromContractWithCustomerExcludingAssessedTax
ADI,revenue,2026-08-01,4021899000.0,RevenueFromContractWithCustomerExcludingAssessedTax
AMAT,cogs,2015-01-25,1400000000.0,CostOfGoodsAndServicesSold
AMAT,cogs,2015-04-26,1426000000.0,CostOfGoodsAndServicesSold
AMAT,cogs,2015-07-26,1472000000.0,CostOfGoodsAndServicesSold
AMAT,cogs,2015-10-25,1409000000.0,CostOfGoodsAndServicesSold
AMAT,cogs,2016-01-31,1341000000.0,CostOfGoodsAndServicesSold
AMAT,cogs,2016-05-01,1446000000.0,CostOfGoodsAndServicesSold
AMAT,cogs,2016-07-31,1629000000.0,CostOfGoodsAndServicesSold
AMAT,cogs,2016-10-30,1898000000.0,CostOfGoodsAndServicesSold
AMAT,cogs,2017-01-29,1833000000.0,CostOfGoodsAndServicesSold
AMAT,cogs,2017-04-30,1946000000.0,CostOfGoodsAndServicesSold
AMAT,cogs,2017-07-30,2044000000.0,CostOfGoodsAndServicesSold
AMAT,cogs,2017-10-29,2263000000.0,CostOfGoodsAndServicesSold
AMAT,cogs,2018-01-28,2265000000.0,CostOfGoodsAndServicesSold
AMAT,cogs,2018-04-29,2523000000.0,CostOfGoodsAndServicesSold
AMAT,cogs,2018-07-29,2298000000.0,CostOfGoodsAndServicesSold
AMAT,cogs,2018-10-28,2102000000.0,CostOfGoodsAndServicesSold
AMAT,cogs,2019-01-27,2088000000.0,CostOfGoodsAndServicesSold
AMAT,cogs,2019-04-28,2009000000.0,CostOfGoodsAndServicesSold
AMAT,cogs,2019-07-28,2005000000.0,CostOfGoodsAndServicesSold
AMAT,cogs,2019-10-27,2120000000.0,CostOfGoodsAndServicesSold
AMAT,cogs,2020-01-26,2304000000.0,CostOfGoodsAndServicesSold
AMAT,cogs,2020-04-26,2208000000.0,CostOfGoodsAndServicesSold
AMAT,cogs,2020-07-26,2440000000.0,CostOfGoodsAndServicesSold
AMAT,cogs,2020-10-25,2558000000.0,CostOfGoodsAndServicesSold
AMAT,cogs,2021-01-31,2813000000.0,CostOfGoodsAndServicesSold
AMAT,cogs,2021-05-02,2929000000.0,CostOfGoodsAndServicesSold
AMAT,cogs,2021-08-01,3229000000.0,CostOfGoodsAndServicesSold
AMAT,cogs,2021-10-31,3178000000.0,CostOfGoodsAndServicesSold
AMAT,cogs,2022-01-30,3312000000.0,CostOfGoodsAndServicesSold
AMAT,cogs,2022-05-01,3318000000.0,CostOfGoodsAndServicesSold
AMAT,cogs,2022-07-31,3514000000.0,CostOfGoodsAndServicesSold
AMAT,cogs,2022-10-30,3648000000.0,CostOfGoodsAndServicesSold
AMAT,cogs,2023-01-29,3594000000.0,CostOfGoodsAndServicesSold
AMAT,cogs,2023-04-30,3536000000.0,CostOfGoodsAndServicesSold
AMAT,cogs,2023-07-30,3449000000.0,CostOfGoodsAndServicesSold
AMAT,cogs,2023-10-29,3554000000.0,CostOfGoodsAndServicesSold
AMAT,cogs,2024-01-28,3503000000.0,CostOfGoodsAndServicesSold
AMAT,cogs,2024-04-28,3493000000.0,CostOfGoodsAndServicesSold
AMAT,cogs,2024-07-28,3573000000.0,CostOfGoodsAndServicesSold
AMAT,cogs,2024-10-27,3710000000.0,CostOfGoodsAndServicesSold
AMAT,cogs,2025-01-26,3670000000.0,CostOfGoodsAndServicesSold
AMAT,cogs,2025-04-27,3615000000.0,CostOfGoodsAndServicesSold
AMAT,cogs,2025-07-27,3740000000.0,CostOfGoodsAndServicesSold
AMAT,cogs,2025-10-26,3535000000.0,CostOfGoodsAndServicesSold
AMAT,cogs,2026-01-25,3577000000.0,CostOfGoodsAndServicesSold
AMAT,cogs,2026-04-26,3963000000.0,CostOfGoodsAndServicesSold
AMAT,cogs,2026-07-26,4529000000.0,CostOfGoodsAndServicesSold
AMAT,revenue,2019-01-27,3753000000.0,RevenueFromContractWithCustomerExcludingAssessedTax
AMAT,revenue,2019-04-28,3539000000.0,RevenueFromContractWithCustomerExcludingAssessedTax
AMAT,revenue,2019-07-28,3562000000.0,RevenueFromContractWithCustomerExcludingAssessedTax
AMAT,revenue,2019-10-27,3754000000.0,RevenueFromContractWithCustomerExcludingAssessedTax
AMAT,revenue,2020-01-26,4162000000.0,RevenueFromContractWithCustomerExcludingAssessedTax
AMAT,revenue,2020-04-26,3957000000.0,RevenueFromContractWithCustomerExcludingAssessedTax
AMAT,revenue,2020-07-26,4395000000.0,RevenueFromContractWithCustomerExcludingAssessedTax
AMAT,revenue,2020-10-25,4688000000.0,RevenueFromContractWithCustomerExcludingAssessedTax
AMAT,revenue,2021-01-31,5162000000.0,RevenueFromContractWithCustomerExcludingAssessedTax
AMAT,revenue,2021-05-02,5582000000.0,RevenueFromContractWithCustomerExcludingAssessedTax
AMAT,revenue,2021-08-01,6196000000.0,RevenueFromContractWithCustomerExcludingAssessedTax
AMAT,revenue,2021-10-31,6123000000.0,RevenueFromContractWithCustomerExcludingAssessedTax
AMAT,revenue,2022-01-30,6271000000.0,RevenueFromContractWithCustomerExcludingAssessedTax
AMAT,revenue,2022-05-01,6245000000.0,RevenueFromContractWithCustomerExcludingAssessedTax
AMAT,revenue,2022-07-31,6520000000.0,RevenueFromContractWithCustomerExcludingAssessedTax
AMAT,revenue,2022-10-30,6749000000.0,RevenueFromContractWithCustomerExcludingAssessedTax
AMAT,revenue,2023-01-29,6739000000.0,RevenueFromContractWithCustomerExcludingAssessedTax
AMAT,revenue,2023-04-30,6630000000.0,RevenueFromContractWithCustomerExcludingAssessedTax
AMAT,revenue,2023-07-30,6425000000.0,RevenueFromContractWithCustomerExcludingAssessedTax
AMAT,revenue,2023-10-29,6723000000.0,RevenueFromContractWithCustomerExcludingAssessedTax
AMAT,revenue,2024-01-28,6707000000.0,RevenueFromContractWithCustomerExcludingAssessedTax
AMAT,revenue,2024-04-28,6646000000.0,RevenueFromContractWithCustomerExcludingAssessedTax
AMAT,revenue,2024-07-28,6778000000.0,RevenueFromContractWithCustomerExcludingAssessedTax
AMAT,revenue,2024-10-27,7045000000.0,RevenueFromContractWithCustomerExcludingAssessedTax
AMAT,revenue,2025-01-26,7166000000.0,RevenueFromContractWithCustomerExcludingAssessedTax
AMAT,revenue,2025-04-27,7100000000.0,RevenueFromContractWithCustomerExcludingAssessedTax
AMAT,revenue,2025-07-27,7302000000.0,RevenueFromContractWithCustomerExcludingAssessedTax
AMAT,revenue,2025-10-26,6800000000.0,RevenueFromContractWithCustomerExcludingAssessedTax
AMAT,revenue,2026-01-25,7012000000.0,RevenueFromContractWithCustomerExcludingAssessedTax
AMAT,revenue,2026-04-26,7910000000.0,RevenueFromContractWithCustomerExcludingAssessedTax
AMAT,revenue,2026-07-26,9115000000.0,RevenueFromContractWithCustomerExcludingAssessedTax
AMD,cogs,2017-04-01,800000000.0,CostOfGoodsAndServicesSold
AMD,cogs,2017-07-01,765000000.0,CostOfGoodsAndServicesSold
AMD,cogs,2017-09-30,1013000000.0,CostOfGoodsAndServicesSold
AMD,cogs,2017-12-30,888000000.0,CostOfGoodsAndServicesSold
AMD,cogs,2018-03-31,1050000000.0,CostOfGoodsAndServicesSold
AMD,cogs,2018-06-30,1104000000.0,CostOfGoodsAndServicesSold
AMD,cogs,2018-09-29,992000000.0,CostOfGoodsAndServicesSold
AMD,cogs,2018-12-29,882000000.0,CostOfGoodsAndServicesSold
AMD,cogs,2019-03-30,751000000.0,CostOfGoodsAndServicesSold
AMD,cogs,2019-06-29,910000000.0,CostOfGoodsAndServicesSold
AMD,cogs,2019-09-28,1024000000.0,CostOfGoodsAndServicesSold
AMD,cogs,2019-12-28,1178000000.0,CostOfGoodsAndServicesSold
AMD,cogs,2020-03-28,968000000.0,CostOfGoodsAndServicesSold
AMD,cogs,2020-06-27,1084000000.0,CostOfGoodsAndServicesSold
AMD,cogs,2020-09-26,1571000000.0,CostOfGoodsAndServicesSold
AMD,cogs,2020-12-26,1793000000.0,CostOfGoodsAndServicesSold
AMD,cogs,2021-03-27,1858000000.0,CostOfGoodsAndServicesSold
AMD,cogs,2021-06-26,2020000000.0,CostOfGoodsAndServicesSold
AMD,cogs,2021-09-25,2227000000.0,CostOfGoodsAndServicesSold
AMD,cogs,2021-12-25,2400000000.0,CostOfGoodsAndServicesSold
AMD,cogs,2022-03-26,3069000000.0,CostOfGoodsAndServicesSold
AMD,cogs,2022-06-25,3522000000.0,CostOfGoodsAndServicesSold
AMD,cogs,2022-09-24,3211000000.0,CostOfGoodsAndServicesSold
AMD,cogs,2022-12-31,3196000000.0,CostOfGoodsAndServicesSold
AMD,cogs,2023-04-01,2994000000.0,CostOfGoodsAndServicesSold
AMD,cogs,2023-07-01,2916000000.0,CostOfGoodsAndServicesSold
AMD,cogs,2023-09-30,3053000000.0,CostOfGoodsAndServicesSold
AMD,cogs,2023-12-30,3257000000.0,CostOfGoodsAndServicesSold
AMD,cogs,2024-03-30,2913000000.0,CostOfGoodsAndServicesSold
AMD,cogs,2024-06-29,2971000000.0,CostOfGoodsAndServicesSold
AMD,cogs,2024-09-28,3400000000.0,CostOfGoodsAndServicesSold
AMD,cogs,2024-12-28,3776000000.0,CostOfGoodsAndServicesSold
AMD,cogs,2025-03-29,3702000000.0,CostOfGoodsAndServicesSold
AMD,cogs,2025-06-28,4626000000.0,CostOfGoodsAndServicesSold
AMD,cogs,2025-09-27,4466000000.0,CostOfGoodsAndServicesSold
AMD,cogs,2025-12-27,4693000000.0,CostOfGoodsAndServicesSold
AMD,cogs,2026-03-28,4837000000.0,CostOfGoodsAndServicesSold
AMD,cogs,2026-06-27,5333000000.0,CostOfGoodsAndServicesSold
AMD,inventory,2015-03-28,688000000.0,InventoryNet
AMD,inventory,2015-06-27,799000000.0,InventoryNet
AMD,inventory,2015-09-26,761000000.0,InventoryNet
AMD,inventory,2015-12-26,678000000.0,InventoryNet
AMD,inventory,2016-03-26,675000000.0,InventoryNet
AMD,inventory,2016-06-25,743000000.0,InventoryNet
AMD,inventory,2016-09-24,772000000.0,InventoryNet
AMD,inventory,2016-12-31,691000000.0,InventoryNet
AMD,inventory,2017-04-01,839000000.0,InventoryNet
AMD,inventory,2017-07-01,833000000.0,InventoryNet
AMD,inventory,2017-09-30,794000000.0,InventoryNet
AMD,inventory,2017-12-30,694000000.0,InventoryNet
AMD,inventory,2018-03-31,715000000.0,InventoryNet
AMD,inventory,2018-06-30,750000000.0,InventoryNet
AMD,inventory,2018-09-29,738000000.0,InventoryNet
AMD,inventory,2018-12-29,845000000.0,InventoryNet
AMD,inventory,2019-03-30,955000000.0,InventoryNet
AMD,inventory,2019-06-29,1015000000.0,InventoryNet
AMD,inventory,2019-09-28,1040000000.0,InventoryNet
AMD,inventory,2019-12-28,982000000.0,InventoryNet
AMD,inventory,2020-03-28,1056000000.0,InventoryNet
AMD,inventory,2020-06-27,1324000000.0,InventoryNet
AMD,inventory,2020-09-26,1292000000.0,InventoryNet
AMD,inventory,2020-12-26,1399000000.0,InventoryNet
AMD,inventory,2021-03-27,1653000000.0,InventoryNet
AMD,inventory,2021-06-26,1765000000.0,InventoryNet
AMD,inventory,2021-09-25,1902000000.0,InventoryNet
AMD,inventory,2021-12-25,1955000000.0,InventoryNet
AMD,inventory,2022-03-26,2431000000.0,InventoryNet
AMD,inventory,2022-06-25,2648000000.0,InventoryNet
AMD,inventory,2022-09-24,3369000000.0,InventoryNet
AMD,inventory,2022-12-31,3771000000.0,InventoryNet
AMD,inventory,2023-04-01,4235000000.0,InventoryNet
AMD,inventory,2023-07-01,4567000000.0,InventoryNet
AMD,inventory,2023-09-30,4445000000.0,InventoryNet
AMD,inventory,2023-12-30,4351000000.0,InventoryNet
AMD,inventory,2024-03-30,4652000000.0,InventoryNet
AMD,inventory,2024-06-29,4991000000.0,InventoryNet
AMD,inventory,2024-09-28,5374000000.0,InventoryNet
AMD,inventory,2024-12-28,5734000000.0,InventoryNet
AMD,inventory,2025-03-29,6416000000.0,InventoryNet
AMD,inventory,2025-06-28,6677000000.0,InventoryNet
AMD,inventory,2025-09-27,7313000000.0,InventoryNet
AMD,inventory,2025-12-27,7920000000.0,InventoryNet
AMD,inventory,2026-03-28,8045000000.0,InventoryNet
AMD,inventory,2026-06-27,8468000000.0,InventoryNet
AMD,revenue,2017-04-01,1178000000.0,RevenueFromContractWithCustomerExcludingAssessedTax
AMD,revenue,2017-07-01,1151000000.0,RevenueFromContractWithCustomerExcludingAssessedTax
AMD,revenue,2017-09-30,1584000000.0,RevenueFromContractWithCustomerExcludingAssessedTax
AMD,revenue,2017-12-30,1340000000.0,RevenueFromContractWithCustomerExcludingAssessedTax
AMD,revenue,2018-03-31,1647000000.0,RevenueFromContractWithCustomerExcludingAssessedTax
AMD,revenue,2018-06-30,1756000000.0,RevenueFromContractWithCustomerExcludingAssessedTax
AMD,revenue,2018-09-29,1653000000.0,RevenueFromContractWithCustomerExcludingAssessedTax
AMD,revenue,2018-12-29,1419000000.0,RevenueFromContractWithCustomerExcludingAssessedTax
AMD,revenue,2019-03-30,1272000000.0,RevenueFromContractWithCustomerExcludingAssessedTax
AMD,revenue,2019-06-29,1531000000.0,RevenueFromContractWithCustomerExcludingAssessedTax
AMD,revenue,2019-09-28,1801000000.0,RevenueFromContractWithCustomerExcludingAssessedTax
AMD,revenue,2019-12-28,2127000000.0,RevenueFromContractWithCustomerExcludingAssessedTax
AMD,revenue,2020-03-28,1786000000.0,RevenueFromContractWithCustomerExcludingAssessedTax
AMD,revenue,2020-06-27,1932000000.0,RevenueFromContractWithCustomerExcludingAssessedTax
AMD,revenue,2020-09-26,2801000000.0,RevenueFromContractWithCustomerExcludingAssessedTax
AMD,revenue,2020-12-26,3244000000.0,RevenueFromContractWithCustomerExcludingAssessedTax
AMD,revenue,2021-03-27,3445000000.0,RevenueFromContractWithCustomerExcludingAssessedTax
AMD,revenue,2021-06-26,3850000000.0,RevenueFromContractWithCustomerExcludingAssessedTax
AMD,revenue,2021-09-25,4313000000.0,RevenueFromContractWithCustomerExcludingAssessedTax
AMD,revenue,2021-12-25,4826000000.0,RevenueFromContractWithCustomerExcludingAssessedTax
AMD,revenue,2022-03-26,5887000000.0,RevenueFromContractWithCustomerExcludingAssessedTax
AMD,revenue,2022-06-25,6550000000.0,RevenueFromContractWithCustomerExcludingAssessedTax
AMD,revenue,2022-09-24,5565000000.0,RevenueFromContractWithCustomerExcludingAssessedTax
AMD,revenue,2022-12-31,5599000000.0,RevenueFromContractWithCustomerExcludingAssessedTax
AMD,revenue,2023-04-01,5353000000.0,RevenueFromContractWithCustomerExcludingAssessedTax
AMD,revenue,2023-07-01,5359000000.0,RevenueFromContractWithCustomerExcludingAssessedTax
AMD,revenue,2023-09-30,5800000000.0,RevenueFromContractWithCustomerExcludingAssessedTax
AMD,revenue,2023-12-30,6168000000.0,RevenueFromContractWithCustomerExcludingAssessedTax
AMD,revenue,2024-03-30,5473000000.0,RevenueFromContractWithCustomerExcludingAssessedTax
AMD,revenue,2024-06-29,5835000000.0,RevenueFromContractWithCustomerExcludingAssessedTax
AMD,revenue,2024-09-28,6819000000.0,RevenueFromContractWithCustomerExcludingAssessedTax
AMD,revenue,2024-12-28,7658000000.0,RevenueFromContractWithCustomerExcludingAssessedTax
AMD,revenue,2025-03-29,7438000000.0,RevenueFromContractWithCustomerExcludingAssessedTax
AMD,revenue,2025-06-28,7685000000.0,RevenueFromContractWithCustomerExcludingAssessedTax
AMD,revenue,2025-09-27,9246000000.0,RevenueFromContractWithCustomerExcludingAssessedTax
AMD,revenue,2025-12-27,10270000000.0,RevenueFromContractWithCustomerExcludingAssessedTax
AMD,revenue,2026-03-28,10253000000.0,RevenueFromContractWithCustomerExcludingAssessedTax
AMD,revenue,2026-06-27,11536000000.0,RevenueFromContractWithCustomerExcludingAssessedTax
AMZN,capex,2017-09-30,3074000000.0,PaymentsToAcquireProductiveAssets
AMZN,capex,2017-12-31,3619000000.0,PaymentsToAcquireProductiveAssets
AMZN,capex,2018-03-31,3098000000.0,PaymentsToAcquireProductiveAssets
AMZN,capex,2018-06-30,3243000000.0,PaymentsToAcquireProductiveAssets
AMZN,capex,2018-09-30,3352000000.0,PaymentsToAcquireProductiveAssets
AMZN,capex,2018-12-31,3734000000.0,PaymentsToAcquireProductiveAssets
AMZN,capex,2019-03-31,3290000000.0,PaymentsToAcquireProductiveAssets
AMZN,capex,2019-06-30,3562000000.0,PaymentsToAcquireProductiveAssets
AMZN,capex,2019-09-30,4697000000.0,PaymentsToAcquireProductiveAssets
AMZN,capex,2019-12-31,5312000000.0,PaymentsToAcquireProductiveAssets
AMZN,capex,2020-03-31,6795000000.0,PaymentsToAcquireProductiveAssets
AMZN,capex,2020-06-30,7459000000.0,PaymentsToAcquireProductiveAssets
AMZN,capex,2020-09-30,11063000000.0,PaymentsToAcquireProductiveAssets
AMZN,capex,2020-12-31,14823000000.0,PaymentsToAcquireProductiveAssets
AMZN,capex,2021-03-31,12082000000.0,PaymentsToAcquireProductiveAssets
AMZN,capex,2021-06-30,14288000000.0,PaymentsToAcquireProductiveAssets
AMZN,capex,2021-09-30,15748000000.0,PaymentsToAcquireProductiveAssets
AMZN,capex,2021-12-31,18935000000.0,PaymentsToAcquireProductiveAssets
AMZN,capex,2022-03-31,14951000000.0,PaymentsToAcquireProductiveAssets
AMZN,capex,2022-06-30,15724000000.0,PaymentsToAcquireProductiveAssets
AMZN,capex,2022-09-30,16378000000.0,PaymentsToAcquireProductiveAssets
AMZN,capex,2022-12-31,16592000000.0,PaymentsToAcquireProductiveAssets
AMZN,capex,2023-03-31,14207000000.0,PaymentsToAcquireProductiveAssets
AMZN,capex,2023-06-30,11455000000.0,PaymentsToAcquireProductiveAssets
AMZN,capex,2023-09-30,12479000000.0,PaymentsToAcquireProductiveAssets
AMZN,capex,2023-12-31,14588000000.0,PaymentsToAcquireProductiveAssets
AMZN,capex,2024-03-31,14925000000.0,PaymentsToAcquireProductiveAssets
AMZN,capex,2024-06-30,17620000000.0,PaymentsToAcquireProductiveAssets
AMZN,capex,2024-09-30,22620000000.0,PaymentsToAcquireProductiveAssets
AMZN,capex,2024-12-31,27834000000.0,PaymentsToAcquireProductiveAssets
AMZN,capex,2025-03-31,25019000000.0,PaymentsToAcquireProductiveAssets
AMZN,capex,2025-06-30,32183000000.0,PaymentsToAcquireProductiveAssets
AMZN,capex,2025-09-30,35095000000.0,PaymentsToAcquireProductiveAssets
AMZN,capex,2025-12-31,39522000000.0,PaymentsToAcquireProductiveAssets
AMZN,capex,2026-03-31,44203000000.0,PaymentsToAcquireProductiveAssets
AMZN,capex,2026-06-30,54208000000.0,PaymentsToAcquireProductiveAssets
AVGO,cogs,2018-02-04,2699000000.0,CostOfRevenue
AVGO,cogs,2018-05-06,2463000000.0,CostOfRevenue
AVGO,cogs,2018-08-05,2444000000.0,CostOfRevenue
AVGO,cogs,2018-11-04,2509000000.0,CostOfRevenue
AVGO,cogs,2019-02-03,2581000000.0,CostOfRevenue
AVGO,cogs,2019-05-05,2428000000.0,CostOfRevenue
AVGO,cogs,2019-08-04,2481000000.0,CostOfRevenue
AVGO,cogs,2019-11-03,2624000000.0,CostOfRevenue
AVGO,cogs,2020-02-02,2594000000.0,CostOfRevenue
AVGO,cogs,2020-05-03,2553000000.0,CostOfRevenue
AVGO,cogs,2020-08-02,2505000000.0,CostOfRevenue
AVGO,cogs,2020-11-01,2720000000.0,CostOfRevenue
AVGO,cogs,2021-01-31,2703000000.0,CostOfRevenue
AVGO,cogs,2021-05-02,2553000000.0,CostOfRevenue
AVGO,cogs,2021-08-01,2581000000.0,CostOfRevenue
AVGO,cogs,2021-10-31,2769000000.0,CostOfRevenue
AVGO,cogs,2022-01-30,2657000000.0,CostOfRevenue
AVGO,cogs,2022-05-01,2664000000.0,CostOfRevenue
AVGO,cogs,2022-07-31,2783000000.0,CostOfRevenue
AVGO,cogs,2022-10-30,3004000000.0,CostOfRevenue
AVGO,cogs,2023-01-29,2911000000.0,CostOfRevenue
AVGO,cogs,2023-04-30,2618000000.0,CostOfRevenue
AVGO,cogs,2023-07-30,2712000000.0,CostOfRevenue
AVGO,cogs,2023-10-29,2888000000.0,CostOfRevenue
AVGO,cogs,2024-02-04,4586000000.0,CostOfRevenue
AVGO,cogs,2024-05-05,4711000000.0,CostOfRevenue
AVGO,cogs,2024-08-04,4716000000.0,CostOfRevenue
AVGO,cogs,2024-11-03,5052000000.0,CostOfRevenue
AVGO,cogs,2025-02-02,4771000000.0,CostOfRevenue
AVGO,cogs,2025-05-04,4807000000.0,CostOfRevenue
AVGO,cogs,2025-08-03,5249000000.0,CostOfRevenue
AVGO,cogs,2025-11-02,5766000000.0,CostOfRevenue
AVGO,cogs,2026-02-01,6154000000.0,CostOfRevenue
AVGO,cogs,2026-05-03,6772000000.0,CostOfRevenue
AVGO,cogs,2026-08-02,9135000000.0,CostOfRevenue
AVGO,inventory,2017-10-29,1447000000.0,InventoryNet
AVGO,inventory,2018-05-06,1235000000.0,InventoryNet
AVGO,inventory,2018-08-05,1216000000.0,InventoryNet
AVGO,inventory,2018-11-04,1124000000.0,InventoryNet
AVGO,inventory,2019-02-03,1074000000.0,InventoryNet
AVGO,inventory,2019-05-05,1034000000.0,InventoryNet
AVGO,inventory,2019-08-04,1091000000.0,InventoryNet
AVGO,inventory,2019-11-03,874000000.0,InventoryNet
AVGO,inventory,2020-02-02,944000000.0,InventoryNet
AVGO,inventory,2020-05-03,953000000.0,InventoryNet
AVGO,inventory,2020-08-02,1081000000.0,InventoryNet
AVGO,inventory,2020-11-01,1003000000.0,InventoryNet
AVGO,inventory,2021-01-31,952000000.0,InventoryNet
AVGO,inventory,2021-05-02,1004000000.0,InventoryNet
AVGO,inventory,2021-08-01,1160000000.0,InventoryNet
AVGO,inventory,2021-10-31,1297000000.0,InventoryNet
AVGO,inventory,2022-01-30,1520000000.0,InventoryNet
AVGO,inventory,2022-05-01,1668000000.0,InventoryNet
AVGO,inventory,2022-07-31,1838000000.0,InventoryNet
AVGO,inventory,2022-10-30,1925000000.0,InventoryNet
AVGO,inventory,2023-01-29,1899000000.0,InventoryNet
AVGO,inventory,2023-04-30,1886000000.0,InventoryNet
AVGO,inventory,2023-07-30,1842000000.0,InventoryNet
AVGO,inventory,2023-10-29,1898000000.0,InventoryNet
AVGO,inventory,2024-02-04,1920000000.0,InventoryNet
AVGO,inventory,2024-05-05,1842000000.0,InventoryNet
AVGO,inventory,2024-08-04,1894000000.0,InventoryNet
AVGO,inventory,2024-11-03,1760000000.0,InventoryNet
AVGO,inventory,2025-02-02,1908000000.0,InventoryNet
AVGO,inventory,2025-05-04,2017000000.0,InventoryNet
AVGO,inventory,2025-08-03,2180000000.0,InventoryNet
AVGO,inventory,2025-11-02,2270000000.0,InventoryNet
AVGO,inventory,2026-02-01,2962000000.0,InventoryNet
AVGO,inventory,2026-05-03,4328000000.0,InventoryNet
AVGO,inventory,2026-08-02,4523000000.0,InventoryNet
AVGO,revenue,2018-02-04,5327000000.0,RevenueFromContractWithCustomerExcludingAssessedTax
AVGO,revenue,2018-05-06,5014000000.0,RevenueFromContractWithCustomerExcludingAssessedTax
AVGO,revenue,2018-08-05,5063000000.0,RevenueFromContractWithCustomerExcludingAssessedTax
AVGO,revenue,2018-11-04,5444000000.0,RevenueFromContractWithCustomerExcludingAssessedTax
AVGO,revenue,2019-02-03,5789000000.0,RevenueFromContractWithCustomerExcludingAssessedTax
AVGO,revenue,2019-05-05,5517000000.0,RevenueFromContractWithCustomerExcludingAssessedTax
AVGO,revenue,2019-08-04,5515000000.0,RevenueFromContractWithCustomerExcludingAssessedTax
AVGO,revenue,2019-11-03,5776000000.0,RevenueFromContractWithCustomerExcludingAssessedTax
AVGO,revenue,2020-02-02,5858000000.0,RevenueFromContractWithCustomerExcludingAssessedTax
AVGO,revenue,2020-05-03,5742000000.0,RevenueFromContractWithCustomerExcludingAssessedTax
AVGO,revenue,2020-08-02,5821000000.0,RevenueFromContractWithCustomerExcludingAssessedTax
AVGO,revenue,2020-11-01,6467000000.0,RevenueFromContractWithCustomerExcludingAssessedTax
AVGO,revenue,2021-01-31,6655000000.0,RevenueFromContractWithCustomerExcludingAssessedTax
AVGO,revenue,2021-05-02,6610000000.0,RevenueFromContractWithCustomerExcludingAssessedTax
AVGO,revenue,2021-08-01,6778000000.0,RevenueFromContractWithCustomerExcludingAssessedTax
AVGO,revenue,2021-10-31,7407000000.0,RevenueFromContractWithCustomerExcludingAssessedTax
AVGO,revenue,2022-01-30,7706000000.0,RevenueFromContractWithCustomerExcludingAssessedTax
AVGO,revenue,2022-05-01,8103000000.0,RevenueFromContractWithCustomerExcludingAssessedTax
AVGO,revenue,2022-07-31,8464000000.0,RevenueFromContractWithCustomerExcludingAssessedTax
AVGO,revenue,2022-10-30,8930000000.0,RevenueFromContractWithCustomerExcludingAssessedTax
AVGO,revenue,2023-01-29,8915000000.0,RevenueFromContractWithCustomerExcludingAssessedTax
AVGO,revenue,2023-04-30,8733000000.0,RevenueFromContractWithCustomerExcludingAssessedTax
AVGO,revenue,2023-07-30,8876000000.0,RevenueFromContractWithCustomerExcludingAssessedTax
AVGO,revenue,2023-10-29,9295000000.0,RevenueFromContractWithCustomerExcludingAssessedTax
AVGO,revenue,2024-02-04,11961000000.0,RevenueFromContractWithCustomerExcludingAssessedTax
AVGO,revenue,2024-05-05,12487000000.0,RevenueFromContractWithCustomerExcludingAssessedTax
AVGO,revenue,2024-08-04,13072000000.0,RevenueFromContractWithCustomerExcludingAssessedTax
AVGO,revenue,2024-11-03,14054000000.0,RevenueFromContractWithCustomerExcludingAssessedTax
AVGO,revenue,2025-02-02,14916000000.0,RevenueFromContractWithCustomerExcludingAssessedTax
AVGO,revenue,2025-05-04,15004000000.0,RevenueFromContractWithCustomerExcludingAssessedTax
AVGO,revenue,2025-08-03,15952000000.0,RevenueFromContractWithCustomerExcludingAssessedTax
AVGO,revenue,2025-11-02,18015000000.0,RevenueFromContractWithCustomerExcludingAssessedTax
AVGO,revenue,2026-02-01,19311000000.0,RevenueFromContractWithCustomerExcludingAssessedTax
AVGO,revenue,2026-05-03,22187000000.0,RevenueFromContractWithCustomerExcludingAssessedTax
AVGO,revenue,2026-08-02,29591000000.0,RevenueFromContractWithCustomerExcludingAssessedTax
GOOGL,capex,2015-03-31,2927000000.0,PaymentsToAcquirePropertyPlantAndEquipment
GOOGL,capex,2015-06-30,2515000000.0,PaymentsToAcquirePropertyPlantAndEquipment
GOOGL,capex,2015-09-30,2383000000.0,PaymentsToAcquirePropertyPlantAndEquipment
GOOGL,capex,2015-12-31,2102000000.0,PaymentsToAcquirePropertyPlantAndEquipment
GOOGL,capex,2016-03-31,2444000000.0,PaymentsToAcquirePropertyPlantAndEquipment
GOOGL,capex,2016-06-30,2136000000.0,PaymentsToAcquirePropertyPlantAndEquipment
GOOGL,capex,2016-09-30,2554000000.0,PaymentsToAcquirePropertyPlantAndEquipment
GOOGL,capex,2016-12-31,3078000000.0,PaymentsToAcquirePropertyPlantAndEquipment
GOOGL,capex,2017-03-31,2508000000.0,PaymentsToAcquirePropertyPlantAndEquipment
GOOGL,capex,2017-06-30,2831000000.0,PaymentsToAcquirePropertyPlantAndEquipment
GOOGL,capex,2017-09-30,3538000000.0,PaymentsToAcquirePropertyPlantAndEquipment
GOOGL,capex,2017-12-31,4307000000.0,PaymentsToAcquirePropertyPlantAndEquipment
GOOGL,capex,2018-03-31,7299000000.0,PaymentsToAcquirePropertyPlantAndEquipment
GOOGL,capex,2018-06-30,5477000000.0,PaymentsToAcquirePropertyPlantAndEquipment
GOOGL,capex,2018-09-30,5282000000.0,PaymentsToAcquirePropertyPlantAndEquipment
GOOGL,capex,2018-12-31,7081000000.0,PaymentsToAcquirePropertyPlantAndEquipment
GOOGL,capex,2019-03-31,4638000000.0,PaymentsToAcquirePropertyPlantAndEquipment
GOOGL,capex,2019-06-30,6126000000.0,PaymentsToAcquirePropertyPlantAndEquipment
GOOGL,capex,2019-09-30,6732000000.0,PaymentsToAcquirePropertyPlantAndEquipment
GOOGL,capex,2019-12-31,6052000000.0,PaymentsToAcquirePropertyPlantAndEquipment
GOOGL,capex,2020-03-31,6005000000.0,PaymentsToAcquirePropertyPlantAndEquipment
GOOGL,capex,2020-06-30,5391000000.0,PaymentsToAcquirePropertyPlantAndEquipment
GOOGL,capex,2020-09-30,5406000000.0,PaymentsToAcquirePropertyPlantAndEquipment
GOOGL,capex,2020-12-31,5479000000.0,PaymentsToAcquirePropertyPlantAndEquipment
GOOGL,capex,2021-03-31,5942000000.0,PaymentsToAcquirePropertyPlantAndEquipment
GOOGL,capex,2021-06-30,5496000000.0,PaymentsToAcquirePropertyPlantAndEquipment
GOOGL,capex,2021-09-30,6819000000.0,PaymentsToAcquirePropertyPlantAndEquipment
GOOGL,capex,2021-12-31,6383000000.0,PaymentsToAcquirePropertyPlantAndEquipment
GOOGL,capex,2022-03-31,9786000000.0,PaymentsToAcquirePropertyPlantAndEquipment
GOOGL,capex,2022-06-30,6828000000.0,PaymentsToAcquirePropertyPlantAndEquipment
GOOGL,capex,2022-09-30,7276000000.0,PaymentsToAcquirePropertyPlantAndEquipment
GOOGL,capex,2022-12-31,7595000000.0,PaymentsToAcquirePropertyPlantAndEquipment
GOOGL,capex,2023-03-31,6289000000.0,PaymentsToAcquirePropertyPlantAndEquipment
GOOGL,capex,2023-06-30,6888000000.0,PaymentsToAcquirePropertyPlantAndEquipment
GOOGL,capex,2023-09-30,8055000000.0,PaymentsToAcquirePropertyPlantAndEquipment
GOOGL,capex,2023-12-31,11019000000.0,PaymentsToAcquirePropertyPlantAndEquipment
GOOGL,capex,2024-03-31,12012000000.0,PaymentsToAcquirePropertyPlantAndEquipment
GOOGL,capex,2024-06-30,13186000000.0,PaymentsToAcquirePropertyPlantAndEquipment
GOOGL,capex,2024-09-30,13061000000.0,PaymentsToAcquirePropertyPlantAndEquipment
GOOGL,capex,2024-12-31,14276000000.0,PaymentsToAcquirePropertyPlantAndEquipment
GOOGL,capex,2025-03-31,17197000000.0,PaymentsToAcquirePropertyPlantAndEquipment
GOOGL,capex,2025-06-30,22446000000.0,PaymentsToAcquirePropertyPlantAndEquipment
GOOGL,capex,2025-09-30,23953000000.0,PaymentsToAcquirePropertyPlantAndEquipment
GOOGL,capex,2025-12-31,27851000000.0,PaymentsToAcquirePropertyPlantAndEquipment
GOOGL,capex,2026-03-31,35674000000.0,PaymentsToAcquirePropertyPlantAndEquipment
GOOGL,capex,2026-06-30,44924000000.0,PaymentsToAcquirePropertyPlantAndEquipment
KLAC,cogs,2015-03-31,320282000.0,CostOfRevenue
KLAC,cogs,2015-06-30,323267000.0,CostOfRevenue
KLAC,cogs,2015-09-30,270244000.0,CostOfRevenue
KLAC,cogs,2015-12-31,280980000.0,CostOfRevenue
KLAC,cogs,2016-03-31,274599000.0,CostOfRevenue
KLAC,cogs,2016-06-30,337568000.0,CostOfRevenue
KLAC,cogs,2016-09-30,277836000.0,CostOfRevenue
KLAC,cogs,2016-12-31,318507000.0,CostOfRevenue
KLAC,cogs,2017-03-31,343274000.0,CostOfRevenue
KLAC,cogs,2017-06-30,346598000.0,CostOfRevenue
KLAC,cogs,2017-09-30,353117000.0,CostOfRevenue
KLAC,cogs,2017-12-31,347002000.0,CostOfRevenue
KLAC,cogs,2018-03-31,368356000.0,CostOfRevenue
KLAC,cogs,2018-06-30,377566000.0,CostOfRevenue
KLAC,cogs,2018-09-30,381387000.0,CostOfRevenue
KLAC,cogs,2018-12-31,408260000.0,CostOfRevenue
KLAC,cogs,2019-03-31,486945000.0,CostOfRevenue
KLAC,cogs,2019-06-30,592785000.0,CostOfRevenue
KLAC,cogs,2019-09-30,604241000.0,CostOfRevenue
KLAC,cogs,2019-12-31,633618000.0,CostOfRevenue
KLAC,cogs,2020-03-31,590158000.0,CostOfRevenue
KLAC,cogs,2020-06-30,621544000.0,CostOfRevenue
KLAC,cogs,2020-09-30,620562000.0,CostOfRevenue
KLAC,cogs,2020-12-31,669733000.0,CostOfRevenue
KLAC,cogs,2021-03-31,709629000.0,CostOfRevenue
KLAC,cogs,2021-06-30,772241000.0,CostOfRevenue
KLAC,cogs,2021-09-30,813624000.0,CostOfRevenue
KLAC,cogs,2021-12-31,908162000.0,CostOfRevenue
KLAC,cogs,2022-03-31,892091000.0,CostOfRevenue
KLAC,cogs,2022-06-30,978564000.0,CostOfRevenue
KLAC,cogs,2022-09-30,1041226000.0,CostOfRevenue
KLAC,cogs,2022-12-31,1208786000.0,CostOfRevenue
KLAC,cogs,2023-03-31,1005346000.0,CostOfRevenue
KLAC,cogs,2023-06-30,962949000.0,CostOfRevenue
KLAC,cogs,2023-09-30,946891000.0,CostOfRevenue
KLAC,cogs,2023-12-31,976746000.0,CostOfRevenue
KLAC,cogs,2024-03-31,993885000.0,CostOfRevenue
KLAC,cogs,2024-06-30,1010551000.0,CostOfRevenue
KLAC,cogs,2024-09-30,1147431000.0,CostOfRevenue
KLAC,cogs,2024-12-31,1221461000.0,CostOfRevenue
KLAC,cogs,2025-03-31,1175689000.0,CostOfRevenue
KLAC,cogs,2025-06-30,1207286000.0,CostOfRevenue
KLAC,cogs,2025-09-30,1243070000.0,CostOfRevenue
KLAC,cogs,2025-12-31,1271210000.0,CostOfRevenue
KLAC,cogs,2026-03-31,1327672000.0,CostOfRevenue
KLAC,cogs,2026-06-30,1413108000.0,CostOfRevenue
KLAC,revenue,2017-09-30,969581000.0,RevenueFromContractWithCustomerExcludingAssessedTax
KLAC,revenue,2017-12-31,975822000.0,RevenueFromContractWithCustomerExcludingAssessedTax
KLAC,revenue,2018-03-31,1021294000.0,RevenueFromContractWithCustomerExcludingAssessedTax
KLAC,revenue,2018-06-30,1070004000.0,RevenueFromContractWithCustomerExcludingAssessedTax
KLAC,revenue,2018-09-30,1093260000.0,RevenueFromContractWithCustomerExcludingAssessedTax
KLAC,revenue,2018-12-31,1119898000.0,RevenueFromContractWithCustomerExcludingAssessedTax
KLAC,revenue,2019-03-31,1097311000.0,RevenueFromContractWithCustomerExcludingAssessedTax
KLAC,revenue,2019-06-30,1258435000.0,RevenueFromContractWithCustomerExcludingAssessedTax
KLAC,revenue,2019-09-30,1413414000.0,RevenueFromContractWithCustomerExcludingAssessedTax
KLAC,revenue,2019-12-31,1509453000.0,RevenueFromContractWithCustomerExcludingAssessedTax
KLAC,revenue,2020-03-31,1423964000.0,RevenueFromContractWithCustomerExcludingAssessedTax
KLAC,revenue,2020-06-30,1459593000.0,RevenueFromContractWithCustomerExcludingAssessedTax
KLAC,revenue,2020-09-30,1538620000.0,RevenueFromContractWithCustomerExcludingAssessedTax
KLAC,revenue,2020-12-31,1650870000.0,RevenueFromContractWithCustomerExcludingAssessedTax
KLAC,revenue,2021-03-31,1803773000.0,RevenueFromContractWithCustomerExcludingAssessedTax
KLAC,revenue,2021-06-30,1925471000.0,RevenueFromContractWithCustomerExcludingAssessedTax
KLAC,revenue,2021-09-30,2083838000.0,RevenueFromContractWithCustomerExcludingAssessedTax
KLAC,revenue,2021-12-31,2352630000.0,RevenueFromContractWithCustomerExcludingAssessedTax
KLAC,revenue,2022-03-31,2288676000.0,RevenueFromContractWithCustomerExcludingAssessedTax
KLAC,revenue,2022-06-30,2486739000.0,RevenueFromContractWithCustomerExcludingAssessedTax
KLAC,revenue,2022-09-30,2724424000.0,RevenueFromContractWithCustomerExcludingAssessedTax
KLAC,revenue,2022-12-31,2983887000.0,RevenueFromContractWithCustomerExcludingAssessedTax
KLAC,revenue,2023-03-31,2432608000.0,RevenueFromContractWithCustomerExcludingAssessedTax
KLAC,revenue,2023-06-30,2355137000.0,RevenueFromContractWithCustomerExcludingAssessedTax
KLAC,revenue,2023-09-30,2396956000.0,RevenueFromContractWithCustomerExcludingAssessedTax
KLAC,revenue,2023-12-31,2486726000.0,RevenueFromContractWithCustomerExcludingAssessedTax
KLAC,revenue,2024-03-31,2359830000.0,RevenueFromContractWithCustomerExcludingAssessedTax
KLAC,revenue,2024-06-30,2568735000.0,RevenueFromContractWithCustomerExcludingAssessedTax
KLAC,revenue,2024-09-30,2841541000.0,RevenueFromContractWithCustomerExcludingAssessedTax
KLAC,revenue,2024-12-31,3076851000.0,RevenueFromContractWithCustomerExcludingAssessedTax
KLAC,revenue,2025-03-31,3063029000.0,RevenueFromContractWithCustomerExcludingAssessedTax
KLAC,revenue,2025-06-30,3174741000.0,RevenueFromContractWithCustomerExcludingAssessedTax
KLAC,revenue,2025-09-30,3209696000.0,RevenueFromContractWithCustomerExcludingAssessedTax
KLAC,revenue,2025-12-31,3297146000.0,RevenueFromContractWithCustomerExcludingAssessedTax
KLAC,revenue,2026-03-31,3415078000.0,RevenueFromContractWithCustomerExcludingAssessedTax
KLAC,revenue,2026-06-30,3657556000.0,RevenueFromContractWithCustomerExcludingAssessedTax
LRCX,cogs,2015-03-29,792731000.0,CostOfGoodsAndServicesSold
LRCX,cogs,2015-06-28,839832000.0,CostOfGoodsAndServicesSold
LRCX,cogs,2015-09-27,877680000.0,CostOfGoodsAndServicesSold
LRCX,cogs,2015-12-27,799024000.0,CostOfGoodsAndServicesSold
LRCX,cogs,2016-03-27,742790000.0,CostOfGoodsAndServicesSold
LRCX,cogs,2016-06-26,847477000.0,CostOfGoodsAndServicesSold
LRCX,cogs,2016-09-25,916222000.0,CostOfGoodsAndServicesSold
LRCX,cogs,2016-12-25,1035502000.0,CostOfGoodsAndServicesSold
LRCX,cogs,2017-03-26,1182591000.0,CostOfGoodsAndServicesSold
LRCX,cogs,2017-06-25,1275946000.0,CostOfGoodsAndServicesSold
LRCX,cogs,2017-09-24,1328797000.0,CostOfGoodsAndServicesSold
LRCX,cogs,2017-12-24,1375248000.0,CostOfGoodsAndServicesSold
LRCX,cogs,2018-03-25,1561401000.0,CostOfGoodsAndServicesSold
LRCX,cogs,2018-06-24,1646520000.0,CostOfGoodsAndServicesSold
LRCX,cogs,2018-09-23,1272493000.0,CostOfGoodsAndServicesSold
LRCX,cogs,2018-12-23,1377640000.0,CostOfGoodsAndServicesSold
LRCX,cogs,2019-03-31,1364711000.0,CostOfGoodsAndServicesSold
LRCX,cogs,2019-06-30,1280256000.0,CostOfGoodsAndServicesSold
LRCX,cogs,2019-09-29,1184036000.0,CostOfGoodsAndServicesSold
LRCX,cogs,2019-12-29,1403857000.0,CostOfGoodsAndServicesSold
LRCX,cogs,2020-03-29,1336618000.0,CostOfGoodsAndServicesSold
LRCX,cogs,2020-06-28,1511532000.0,CostOfGoodsAndServicesSold
LRCX,cogs,2020-09-27,1670901000.0,CostOfGoodsAndServicesSold
LRCX,cogs,2020-12-27,1852442000.0,CostOfGoodsAndServicesSold
LRCX,cogs,2021-03-28,2067523000.0,CostOfGoodsAndServicesSold
LRCX,cogs,2021-06-27,2229978000.0,CostOfGoodsAndServicesSold
LRCX,cogs,2021-09-26,2327711000.0,CostOfGoodsAndServicesSold
LRCX,cogs,2021-12-26,2248688000.0,CostOfGoodsAndServicesSold
LRCX,cogs,2022-03-27,2243791000.0,CostOfGoodsAndServicesSold
LRCX,cogs,2022-06-26,2535042000.0,CostOfGoodsAndServicesSold
LRCX,cogs,2022-09-25,2737286000.0,CostOfGoodsAndServicesSold
LRCX,cogs,2022-12-25,2901220000.0,CostOfGoodsAndServicesSold
LRCX,cogs,2023-03-26,2263957000.0,CostOfGoodsAndServicesSold
LRCX,cogs,2023-06-25,1749128000.0,CostOfGoodsAndServicesSold
LRCX,cogs,2023-09-24,1827360000.0,CostOfGoodsAndServicesSold
LRCX,cogs,2023-12-24,2000804000.0,CostOfGoodsAndServicesSold
LRCX,cogs,2024-03-31,1993022000.0,CostOfGoodsAndServicesSold
LRCX,cogs,2024-06-30,2031409000.0,CostOfGoodsAndServicesSold
LRCX,cogs,2024-09-29,2165293000.0,CostOfGoodsAndServicesSold
LRCX,cogs,2024-12-29,2303066000.0,CostOfGoodsAndServicesSold
LRCX,cogs,2025-03-30,2406489000.0,CostOfGoodsAndServicesSold
LRCX,cogs,2025-06-29,2581684000.0,CostOfGoodsAndServicesSold
LRCX,revenue,2017-09-24,2478140000.0,RevenueFromContractWithCustomerExcludingAssessedTax
LRCX,revenue,2017-12-24,2580815000.0,RevenueFromContractWithCustomerExcludingAssessedTax
LRCX,revenue,2018-03-25,2892115000.0,RevenueFromContractWithCustomerExcludingAssessedTax
LRCX,revenue,2018-06-24,3125928000.0,RevenueFromContractWithCustomerExcludingAssessedTax
LRCX,revenue,2018-09-23,2330691000.0,RevenueFromContractWithCustomerExcludingAssessedTax
LRCX,revenue,2018-12-23,2522673000.0,RevenueFromContractWithCustomerExcludingAssessedTax
LRCX,revenue,2019-03-31,2439048000.0,RevenueFromContractWithCustomerExcludingAssessedTax
LRCX,revenue,2019-06-30,2361147000.0,RevenueFromContractWithCustomerExcludingAssessedTax
LRCX,revenue,2019-09-29,2165746000.0,RevenueFromContractWithCustomerExcludingAssessedTax
LRCX,revenue,2019-12-29,2583501000.0,RevenueFromContractWithCustomerExcludingAssessedTax
LRCX,revenue,2020-03-29,2503625000.0,RevenueFromContractWithCustomerExcludingAssessedTax
LRCX,revenue,2020-06-28,2791864000.0,RevenueFromContractWithCustomerExcludingAssessedTax
LRCX,revenue,2020-09-27,3177080000.0,RevenueFromContractWithCustomerExcludingAssessedTax
LRCX,revenue,2020-12-27,3456237000.0,RevenueFromContractWithCustomerExcludingAssessedTax
LRCX,revenue,2021-03-28,3847654000.0,RevenueFromContractWithCustomerExcludingAssessedTax
LRCX,revenue,2021-06-27,4145179000.0,RevenueFromContractWithCustomerExcludingAssessedTax
LRCX,revenue,2021-09-26,4304465000.0,RevenueFromContractWithCustomerExcludingAssessedTax
LRCX,revenue,2021-12-26,4226604000.0,RevenueFromContractWithCustomerExcludingAssessedTax
LRCX,revenue,2022-03-27,4060416000.0,RevenueFromContractWithCustomerExcludingAssessedTax
LRCX,revenue,2022-06-26,4635554000.0,RevenueFromContractWithCustomerExcludingAssessedTax
LRCX,revenue,2022-09-25,5074121000.0,RevenueFromContractWithCustomerExcludingAssessedTax
LRCX,revenue,2022-12-25,5277569000.0,RevenueFromContractWithCustomerExcludingAssessedTax
LRCX,revenue,2023-03-26,3869569000.0,RevenueFromContractWithCustomerExcludingAssessedTax
LRCX,revenue,2023-06-25,3207257000.0,RevenueFromContractWithCustomerExcludingAssessedTax
LRCX,revenue,2023-09-24,3482062000.0,RevenueFromContractWithCustomerExcludingAssessedTax
LRCX,revenue,2023-12-24,3758259000.0,RevenueFromContractWithCustomerExcludingAssessedTax
LRCX,revenue,2024-03-31,3793558000.0,RevenueFromContractWithCustomerExcludingAssessedTax
LRCX,revenue,2024-06-30,3871507000.0,RevenueFromContractWithCustomerExcludingAssessedTax
LRCX,revenue,2024-09-29,4167976000.0,RevenueFromContractWithCustomerExcludingAssessedTax
LRCX,revenue,2024-12-29,4376047000.0,RevenueFromContractWithCustomerExcludingAssessedTax
LRCX,revenue,2025-03-30,4720175000.0,RevenueFromContractWithCustomerExcludingAssessedTax
LRCX,revenue,2025-06-29,5171393000.0,RevenueFromContractWithCustomerExcludingAssessedTax
LRCX,revenue,2025-09-28,5324173000.0,RevenueFromContractWithCustomerExcludingAssessedTax
LRCX,revenue,2025-12-28,5344791000.0,RevenueFromContractWithCustomerExcludingAssessedTax
LRCX,revenue,2026-03-29,5841488000.0,RevenueFromContractWithCustomerExcludingAssessedTax
LRCX,revenue,2026-06-28,6722238000.0,RevenueFromContractWithCustomerExcludingAssessedTax
MCHP,cogs,2017-09-30,398000000.0,CostOfRevenue
MCHP,cogs,2017-12-31,387100000.0,CostOfRevenue
MCHP,cogs,2018-03-31,387200000.0,CostOfRevenue
MCHP,cogs,2018-06-30,570500000.0,CostOfRevenue
MCHP,cogs,2018-09-30,743200000.0,CostOfRevenue
MCHP,cogs,2018-12-31,595100000.0,CostOfRevenue
MCHP,cogs,2019-03-31,509400000.0,CostOfRevenue
MCHP,cogs,2019-06-30,507400000.0,CostOfRevenue
MCHP,cogs,2019-09-30,510300000.0,CostOfRevenue
MCHP,cogs,2019-12-31,501900000.0,CostOfRevenue
MCHP,cogs,2020-03-31,512500000.0,CostOfRevenue
MCHP,cogs,2020-06-30,511400000.0,CostOfRevenue
MCHP,cogs,2020-09-30,501600000.0,CostOfRevenue
MCHP,cogs,2020-12-31,506300000.0,CostOfRevenue
MCHP,cogs,2021-03-31,540300000.0,CostOfRevenue
MCHP,cogs,2021-06-30,561800000.0,CostOfRevenue
MCHP,cogs,2021-09-30,581500000.0,CostOfRevenue
MCHP,cogs,2021-12-31,604200000.0,CostOfRevenue
MCHP,cogs,2022-03-31,623800000.0,CostOfRevenue
MCHP,cogs,2022-06-30,653700000.0,CostOfRevenue
MCHP,cogs,2022-09-30,675300000.0,CostOfRevenue
MCHP,cogs,2022-12-31,698400000.0,CostOfRevenue
MCHP,cogs,2023-03-31,713400000.0,CostOfRevenue
MCHP,cogs,2023-06-30,730200000.0,CostOfRevenue
MCHP,cogs,2023-09-30,726900000.0,CostOfRevenue
MCHP,cogs,2023-12-31,645700000.0,CostOfRevenue
MCHP,cogs,2024-03-31,535900000.0,CostOfRevenue
MCHP,cogs,2024-06-30,504400000.0,CostOfRevenue
MCHP,cogs,2024-09-30,495300000.0,CostOfRevenue
MCHP,cogs,2024-12-31,464600000.0,CostOfRevenue
MCHP,cogs,2025-03-31,469400000.0,CostOfRevenue
MCHP,cogs,2025-06-30,498800000.0,CostOfRevenue
MCHP,cogs,2025-09-30,502500000.0,CostOfRevenue
MCHP,cogs,2025-12-31,479100000.0,CostOfRevenue
MCHP,cogs,2026-03-31,511600000.0,CostOfRevenue
MCHP,cogs,2026-06-30,545800000.0,CostOfRevenue
MCHP,inventory,2015-03-31,279456000.0,InventoryNet
MCHP,inventory,2015-06-30,303690000.0,InventoryNet
MCHP,inventory,2015-09-30,363760000.0,InventoryNet
MCHP,inventory,2015-12-31,319524000.0,InventoryNet
MCHP,inventory,2016-03-31,306815000.0,InventoryNet
MCHP,inventory,2016-06-30,518431000.0,InventoryNet
MCHP,inventory,2016-09-30,424690000.0,InventoryNet
MCHP,inventory,2016-12-31,419618000.0,InventoryNet
MCHP,inventory,2017-03-31,417200000.0,InventoryNet
MCHP,inventory,2017-06-30,426843000.0,InventoryNet
MCHP,inventory,2017-09-30,456939000.0,InventoryNet
MCHP,inventory,2017-12-31,487065000.0,InventoryNet
MCHP,inventory,2018-03-31,476200000.0,InventoryNet
MCHP,inventory,2018-04-01,471100000.0,InventoryNet
MCHP,inventory,2018-06-30,1104800000.0,InventoryNet
MCHP,inventory,2018-09-30,836700000.0,InventoryNet
MCHP,inventory,2018-12-31,702500000.0,InventoryNet
MCHP,inventory,2019-03-31,711700000.0,InventoryNet
MCHP,inventory,2019-06-30,733100000.0,InventoryNet
MCHP,inventory,2019-09-30,734200000.0,InventoryNet
MCHP,inventory,2019-12-31,708800000.0,InventoryNet
MCHP,inventory,2020-03-31,685700000.0,InventoryNet
MCHP,inventory,2020-06-30,657200000.0,InventoryNet
MCHP,inventory,2020-09-30,661400000.0,InventoryNet
MCHP,inventory,2020-12-31,666100000.0,InventoryNet
MCHP,inventory,2021-03-31,665000000.0,InventoryNet
MCHP,inventory,2021-06-30,683800000.0,InventoryNet
MCHP,inventory,2021-09-30,713600000.0,InventoryNet
MCHP,inventory,2021-12-31,768200000.0,InventoryNet
MCHP,inventory,2022-03-31,854400000.0,InventoryNet
MCHP,inventory,2022-06-30,911800000.0,InventoryNet
MCHP,inventory,2022-09-30,1030300000.0,InventoryNet
MCHP,inventory,2022-12-31,1165400000.0,InventoryNet
MCHP,inventory,2023-03-31,1324900000.0,InventoryNet
MCHP,inventory,2023-06-30,1336400000.0,InventoryNet
MCHP,inventory,2023-09-30,1330900000.0,InventoryNet
MCHP,inventory,2023-12-31,1311100000.0,InventoryNet
MCHP,inventory,2024-03-31,1316000000.0,InventoryNet
MCHP,inventory,2024-06-30,1308000000.0,InventoryNet
MCHP,inventory,2024-09-30,1339600000.0,InventoryNet
MCHP,inventory,2024-12-31,1356300000.0,InventoryNet
MCHP,inventory,2025-03-31,1293500000.0,InventoryNet
MCHP,inventory,2025-06-30,1169100000.0,InventoryNet
MCHP,inventory,2025-09-30,1095300000.0,InventoryNet
MCHP,inventory,2025-12-31,1057700000.0,InventoryNet
MCHP,inventory,2026-03-31,1035400000.0,InventoryNet
MCHP,inventory,2026-06-30,1047300000.0,InventoryNet
MCHP,revenue,2018-06-30,1212500000.0,RevenueFromContractWithCustomerExcludingAssessedTax
MCHP,revenue,2018-09-30,1432500000.0,RevenueFromContractWithCustomerExcludingAssessedTax
MCHP,revenue,2018-12-31,1374700000.0,RevenueFromContractWithCustomerExcludingAssessedTax
MCHP,revenue,2019-03-31,1329800000.0,RevenueFromContractWithCustomerExcludingAssessedTax
MCHP,revenue,2019-06-30,1322600000.0,RevenueFromContractWithCustomerExcludingAssessedTax
MCHP,revenue,2019-09-30,1337800000.0,RevenueFromContractWithCustomerExcludingAssessedTax
MCHP,revenue,2019-12-31,1287400000.0,RevenueFromContractWithCustomerExcludingAssessedTax
MCHP,revenue,2020-03-31,1326400000.0,RevenueFromContractWithCustomerExcludingAssessedTax
MCHP,revenue,2020-06-30,1309700000.0,RevenueFromContractWithCustomerExcludingAssessedTax
MCHP,revenue,2020-09-30,1309500000.0,RevenueFromContractWithCustomerExcludingAssessedTax
MCHP,revenue,2020-12-31,1352100000.0,RevenueFromContractWithCustomerExcludingAssessedTax
MCHP,revenue,2021-03-31,1467100000.0,RevenueFromContractWithCustomerExcludingAssessedTax
MCHP,revenue,2021-06-30,1569400000.0,RevenueFromContractWithCustomerExcludingAssessedTax
MCHP,revenue,2021-09-30,1649800000.0,RevenueFromContractWithCustomerExcludingAssessedTax
MCHP,revenue,2021-12-31,1757500000.0,RevenueFromContractWithCustomerExcludingAssessedTax
MCHP,revenue,2022-03-31,1844200000.0,RevenueFromContractWithCustomerExcludingAssessedTax
MCHP,revenue,2022-06-30,1963600000.0,RevenueFromContractWithCustomerExcludingAssessedTax
MCHP,revenue,2022-09-30,2073200000.0,RevenueFromContractWithCustomerExcludingAssessedTax
MCHP,revenue,2022-12-31,2169200000.0,RevenueFromContractWithCustomerExcludingAssessedTax
MCHP,revenue,2023-03-31,2232700000.0,RevenueFromContractWithCustomerExcludingAssessedTax
MCHP,revenue,2023-06-30,2288600000.0,RevenueFromContractWithCustomerExcludingAssessedTax
MCHP,revenue,2023-09-30,2254300000.0,RevenueFromContractWithCustomerExcludingAssessedTax
MCHP,revenue,2023-12-31,1765700000.0,RevenueFromContractWithCustomerExcludingAssessedTax
MCHP,revenue,2024-03-31,1325800000.0,RevenueFromContractWithCustomerExcludingAssessedTax
MCHP,revenue,2024-06-30,1241300000.0,RevenueFromContractWithCustomerExcludingAssessedTax
MCHP,revenue,2024-09-30,1163800000.0,RevenueFromContractWithCustomerExcludingAssessedTax
MCHP,revenue,2024-12-31,1026000000.0,RevenueFromContractWithCustomerExcludingAssessedTax
MCHP,revenue,2025-03-31,970500000.0,RevenueFromContractWithCustomerExcludingAssessedTax
MCHP,revenue,2025-06-30,1075500000.0,RevenueFromContractWithCustomerExcludingAssessedTax
MCHP,revenue,2025-09-30,1140400000.0,RevenueFromContractWithCustomerExcludingAssessedTax
MCHP,revenue,2025-12-31,1186000000.0,RevenueFromContractWithCustomerExcludingAssessedTax
MCHP,revenue,2026-03-31,1311200000.0,RevenueFromContractWithCustomerExcludingAssessedTax
MCHP,revenue,2026-06-30,1484700000.0,RevenueFromContractWithCustomerExcludingAssessedTax
META,capex,2015-03-31,502000000.0,PaymentsToAcquirePropertyPlantAndEquipment
META,capex,2015-06-30,549000000.0,PaymentsToAcquirePropertyPlantAndEquipment
META,capex,2015-09-30,780000000.0,PaymentsToAcquirePropertyPlantAndEquipment
META,capex,2015-12-31,692000000.0,PaymentsToAcquirePropertyPlantAndEquipment
META,capex,2016-03-31,1132000000.0,PaymentsToAcquirePropertyPlantAndEquipment
META,capex,2016-06-30,995000000.0,PaymentsToAcquirePropertyPlantAndEquipment
META,capex,2016-09-30,1095000000.0,PaymentsToAcquirePropertyPlantAndEquipment
META,capex,2016-12-31,1269000000.0,PaymentsToAcquirePropertyPlantAndEquipment
META,capex,2017-03-31,1271000000.0,PaymentsToAcquirePropertyPlantAndEquipment
META,capex,2017-06-30,1444000000.0,PaymentsToAcquirePropertyPlantAndEquipment
META,capex,2017-09-30,1755000000.0,PaymentsToAcquirePropertyPlantAndEquipment
META,capex,2017-12-31,2263000000.0,PaymentsToAcquirePropertyPlantAndEquipment
META,capex,2018-03-31,2812000000.0,PaymentsToAcquirePropertyPlantAndEquipment
META,capex,2018-06-30,3460000000.0,PaymentsToAcquirePropertyPlantAndEquipment
META,capex,2018-09-30,3342000000.0,PaymentsToAcquirePropertyPlantAndEquipment
META,capex,2018-12-31,4301000000.0,PaymentsToAcquirePropertyPlantAndEquipment
META,capex,2019-03-31,3837000000.0,PaymentsToAcquirePropertyPlantAndEquipment
META,capex,2019-06-30,3633000000.0,PaymentsToAcquirePropertyPlantAndEquipment
META,capex,2019-09-30,3532000000.0,PaymentsToAcquirePropertyPlantAndEquipment
META,capex,2019-12-31,4100000000.0,PaymentsToAcquirePropertyPlantAndEquipment
META,capex,2020-03-31,3558000000.0,PaymentsToAcquirePropertyPlantAndEquipment
META,capex,2020-06-30,3255000000.0,PaymentsToAcquirePropertyPlantAndEquipment
META,capex,2020-09-30,3689000000.0,PaymentsToAcquirePropertyPlantAndEquipment
META,capex,2020-12-31,4661000000.0,PaymentsToAcquirePropertyPlantAndEquipment
META,capex,2021-03-31,4303000000.0,PaymentsToAcquirePropertyPlantAndEquipment
META,capex,2021-06-30,4641000000.0,PaymentsToAcquirePropertyPlantAndEquipment
META,capex,2021-09-30,4346000000.0,PaymentsToAcquirePropertyPlantAndEquipment
META,capex,2021-12-31,5400000000.0,PaymentsToAcquirePropertyPlantAndEquipment
META,capex,2022-03-31,5441000000.0,PaymentsToAcquirePropertyPlantAndEquipment
META,capex,2022-06-30,7572000000.0,PaymentsToAcquirePropertyPlantAndEquipment
META,capex,2022-09-30,9375000000.0,PaymentsToAcquirePropertyPlantAndEquipment
META,capex,2022-12-31,8798000000.0,PaymentsToAcquirePropertyPlantAndEquipment
META,capex,2023-03-31,6823000000.0,PaymentsToAcquirePropertyPlantAndEquipment
META,capex,2023-06-30,6134000000.0,PaymentsToAcquirePropertyPlantAndEquipment
META,capex,2023-09-30,6496000000.0,PaymentsToAcquirePropertyPlantAndEquipment
META,capex,2023-12-31,7592000000.0,PaymentsToAcquirePropertyPlantAndEquipment
META,capex,2024-03-31,6400000000.0,PaymentsToAcquirePropertyPlantAndEquipment
META,capex,2024-06-30,8173000000.0,PaymentsToAcquirePropertyPlantAndEquipment
META,capex,2024-09-30,8258000000.0,PaymentsToAcquirePropertyPlantAndEquipment
META,capex,2024-12-31,14425000000.0,PaymentsToAcquirePropertyPlantAndEquipment
META,capex,2025-03-31,12941000000.0,PaymentsToAcquirePropertyPlantAndEquipment
META,capex,2025-06-30,16538000000.0,PaymentsToAcquirePropertyPlantAndEquipment
META,capex,2025-09-30,18829000000.0,PaymentsToAcquirePropertyPlantAndEquipment
META,capex,2025-12-31,21383000000.0,PaymentsToAcquirePropertyPlantAndEquipment
META,capex,2026-03-31,18997000000.0,PaymentsToAcquirePropertyPlantAndEquipment
META,capex,2026-06-30,30116000000.0,PaymentsToAcquirePropertyPlantAndEquipment
MSFT,capex,2015-03-31,1391000000.0,PaymentsToAcquirePropertyPlantAndEquipment
MSFT,capex,2015-06-30,1781000000.0,PaymentsToAcquirePropertyPlantAndEquipment
MSFT,capex,2015-09-30,1356000000.0,PaymentsToAcquirePropertyPlantAndEquipment
MSFT,capex,2015-12-31,2024000000.0,PaymentsToAcquirePropertyPlantAndEquipment
MSFT,capex,2016-03-31,2308000000.0,PaymentsToAcquirePropertyPlantAndEquipment
MSFT,capex,2016-06-30,2655000000.0,PaymentsToAcquirePropertyPlantAndEquipment
MSFT,capex,2016-09-30,2163000000.0,PaymentsToAcquirePropertyPlantAndEquipment
MSFT,capex,2016-12-31,1988000000.0,PaymentsToAcquirePropertyPlantAndEquipment
MSFT,capex,2017-03-31,1695000000.0,PaymentsToAcquirePropertyPlantAndEquipment
MSFT,capex,2017-06-30,2283000000.0,PaymentsToAcquirePropertyPlantAndEquipment
MSFT,capex,2017-09-30,2132000000.0,PaymentsToAcquirePropertyPlantAndEquipment
MSFT,capex,2017-12-31,2586000000.0,PaymentsToAcquirePropertyPlantAndEquipment
MSFT,capex,2018-03-31,2934000000.0,PaymentsToAcquirePropertyPlantAndEquipment
MSFT,capex,2018-06-30,3980000000.0,PaymentsToAcquirePropertyPlantAndEquipment
MSFT,capex,2018-09-30,3602000000.0,PaymentsToAcquirePropertyPlantAndEquipment
MSFT,capex,2018-12-31,3707000000.0,PaymentsToAcquirePropertyPlantAndEquipment
MSFT,capex,2019-03-31,2565000000.0,PaymentsToAcquirePropertyPlantAndEquipment
MSFT,capex,2019-06-30,4051000000.0,PaymentsToAcquirePropertyPlantAndEquipment
MSFT,capex,2019-09-30,3385000000.0,PaymentsToAcquirePropertyPlantAndEquipment
MSFT,capex,2019-12-31,3545000000.0,PaymentsToAcquirePropertyPlantAndEquipment
MSFT,capex,2020-03-31,3767000000.0,PaymentsToAcquirePropertyPlantAndEquipment
MSFT,capex,2020-06-30,4744000000.0,PaymentsToAcquirePropertyPlantAndEquipment
MSFT,capex,2020-09-30,4907000000.0,PaymentsToAcquirePropertyPlantAndEquipment
MSFT,capex,2020-12-31,4174000000.0,PaymentsToAcquirePropertyPlantAndEquipment
MSFT,capex,2021-03-31,5089000000.0,PaymentsToAcquirePropertyPlantAndEquipment
MSFT,capex,2021-06-30,6452000000.0,PaymentsToAcquirePropertyPlantAndEquipment
MSFT,capex,2021-09-30,5810000000.0,PaymentsToAcquirePropertyPlantAndEquipment
MSFT,capex,2021-12-31,5865000000.0,PaymentsToAcquirePropertyPlantAndEquipment
MSFT,capex,2022-03-31,5340000000.0,PaymentsToAcquirePropertyPlantAndEquipment
MSFT,capex,2022-06-30,6871000000.0,PaymentsToAcquirePropertyPlantAndEquipment
MSFT,capex,2022-09-30,6283000000.0,PaymentsToAcquirePropertyPlantAndEquipment
MSFT,capex,2022-12-31,6274000000.0,PaymentsToAcquirePropertyPlantAndEquipment
MSFT,capex,2023-03-31,6607000000.0,PaymentsToAcquirePropertyPlantAndEquipment
MSFT,capex,2023-06-30,8943000000.0,PaymentsToAcquirePropertyPlantAndEquipment
MSFT,capex,2023-09-30,9917000000.0,PaymentsToAcquirePropertyPlantAndEquipment
MSFT,capex,2023-12-31,9735000000.0,PaymentsToAcquirePropertyPlantAndEquipment
MSFT,capex,2024-03-31,10952000000.0,PaymentsToAcquirePropertyPlantAndEquipment
MSFT,capex,2024-06-30,13873000000.0,PaymentsToAcquirePropertyPlantAndEquipment
MSFT,capex,2024-09-30,14923000000.0,PaymentsToAcquirePropertyPlantAndEquipment
MSFT,capex,2024-12-31,15804000000.0,PaymentsToAcquirePropertyPlantAndEquipment
MSFT,capex,2025-03-31,16745000000.0,PaymentsToAcquirePropertyPlantAndEquipment
MSFT,capex,2025-06-30,17079000000.0,PaymentsToAcquirePropertyPlantAndEquipment
MSFT,capex,2025-09-30,19394000000.0,PaymentsToAcquirePropertyPlantAndEquipment
MSFT,capex,2025-12-31,29876000000.0,PaymentsToAcquirePropertyPlantAndEquipment
MSFT,capex,2026-03-31,30876000000.0,PaymentsToAcquirePropertyPlantAndEquipment
MSFT,capex,2026-06-30,35802000000.0,PaymentsToAcquirePropertyPlantAndEquipment
MU,cogs,2015-03-05,2761000000.0,CostOfGoodsAndServicesSold
MU,cogs,2015-06-04,2651000000.0,CostOfGoodsAndServicesSold
MU,cogs,2015-09-03,2630000000.0,CostOfGoodsAndServicesSold
MU,cogs,2015-12-03,2501000000.0,CostOfGoodsAndServicesSold
MU,cogs,2016-03-03,2355000000.0,CostOfGoodsAndServicesSold
MU,cogs,2016-06-02,2400000000.0,CostOfGoodsAndServicesSold
MU,cogs,2016-09-01,2638000000.0,CostOfGoodsAndServicesSold
MU,cogs,2016-12-01,2959000000.0,CostOfGoodsAndServicesSold
MU,cogs,2017-03-02,2944000000.0,CostOfGoodsAndServicesSold
MU,cogs,2017-06-01,2957000000.0,CostOfGoodsAndServicesSold
MU,cogs,2017-08-31,3026000000.0,CostOfGoodsAndServicesSold
MU,cogs,2017-11-30,3056000000.0,CostOfGoodsAndServicesSold
MU,cogs,2018-03-01,3081000000.0,CostOfGoodsAndServicesSold
MU,cogs,2018-05-31,3074000000.0,CostOfGoodsAndServicesSold
MU,cogs,2018-08-30,3289000000.0,CostOfGoodsAndServicesSold
MU,cogs,2018-11-29,3298000000.0,CostOfGoodsAndServicesSold
MU,cogs,2019-02-28,2971000000.0,CostOfGoodsAndServicesSold
MU,cogs,2019-05-30,2960000000.0,CostOfGoodsAndServicesSold
MU,cogs,2019-08-29,3475000000.0,CostOfGoodsAndServicesSold
MU,cogs,2019-11-28,3778000000.0,CostOfGoodsAndServicesSold
MU,cogs,2020-02-27,3442000000.0,CostOfGoodsAndServicesSold
MU,cogs,2020-05-28,3675000000.0,CostOfGoodsAndServicesSold
MU,cogs,2020-09-03,3988000000.0,CostOfGoodsAndServicesSold
MU,cogs,2020-12-03,4037000000.0,CostOfGoodsAndServicesSold
MU,cogs,2021-03-04,4587000000.0,CostOfGoodsAndServicesSold
MU,cogs,2021-06-03,4296000000.0,CostOfGoodsAndServicesSold
MU,cogs,2021-09-02,4362000000.0,CostOfGoodsAndServicesSold
MU,cogs,2021-12-02,4122000000.0,CostOfGoodsAndServicesSold
MU,cogs,2022-03-03,4110000000.0,CostOfGoodsAndServicesSold
MU,cogs,2022-06-02,4607000000.0,CostOfGoodsAndServicesSold
MU,cogs,2022-09-01,4021000000.0,CostOfGoodsAndServicesSold
MU,cogs,2022-12-01,3192000000.0,CostOfGoodsAndServicesSold
MU,cogs,2023-03-02,4899000000.0,CostOfGoodsAndServicesSold
MU,cogs,2023-06-01,4420000000.0,CostOfGoodsAndServicesSold
MU,cogs,2023-08-31,4445000000.0,CostOfGoodsAndServicesSold
MU,cogs,2023-11-30,4761000000.0,CostOfGoodsAndServicesSold
MU,cogs,2024-02-29,4745000000.0,CostOfGoodsAndServicesSold
MU,cogs,2024-05-30,4979000000.0,CostOfGoodsAndServicesSold
MU,cogs,2024-08-29,5013000000.0,CostOfGoodsAndServicesSold
MU,cogs,2024-11-28,5361000000.0,CostOfGoodsAndServicesSold
MU,cogs,2025-02-27,5090000000.0,CostOfGoodsAndServicesSold
MU,cogs,2025-05-29,5793000000.0,CostOfGoodsAndServicesSold
MU,cogs,2025-08-28,6261000000.0,CostOfGoodsAndServicesSold
MU,cogs,2025-11-27,5997000000.0,CostOfGoodsAndServicesSold
MU,cogs,2026-02-26,6105000000.0,CostOfGoodsAndServicesSold
MU,cogs,2026-05-28,6400000000.0,CostOfGoodsAndServicesSold
MU,cogs,2026-09-03,7182000000.0,CostOfGoodsAndServicesSold
MU,inventory,2015-03-05,2377000000.0,InventoryNet
MU,inventory,2015-06-04,2381000000.0,InventoryNet
MU,inventory,2015-09-03,2340000000.0,InventoryNet
MU,inventory,2015-12-03,2435000000.0,InventoryNet
MU,inventory,2016-03-03,2608000000.0,InventoryNet
MU,inventory,2016-06-02,2920000000.0,InventoryNet
MU,inventory,2016-09-01,2889000000.0,InventoryNet
MU,inventory,2016-12-01,2750000000.0,InventoryNet
MU,inventory,2017-03-02,3000000000.0,InventoryNet
MU,inventory,2017-06-01,3064000000.0,InventoryNet
MU,inventory,2017-08-31,3123000000.0,InventoryNet
MU,inventory,2017-11-30,3160000000.0,InventoryNet
MU,inventory,2018-03-01,3184000000.0,InventoryNet
MU,inventory,2018-05-31,3369000000.0,InventoryNet
MU,inventory,2018-08-30,3595000000.0,InventoryNet
MU,inventory,2018-08-31,3590000000.0,InventoryNet
MU,inventory,2018-11-29,3876000000.0,InventoryNet
MU,inventory,2019-02-28,4390000000.0,InventoryNet
MU,inventory,2019-05-30,4905000000.0,InventoryNet
MU,inventory,2019-08-29,5118000000.0,InventoryNet
MU,inventory,2019-11-28,4943000000.0,InventoryNet
MU,inventory,2020-02-27,5208000000.0,InventoryNet
MU,inventory,2020-05-28,5405000000.0,InventoryNet
MU,inventory,2020-09-03,5373000000.0,InventoryNet
MU,inventory,2020-12-03,5521000000.0,InventoryNet
MU,inventory,2021-03-04,4743000000.0,InventoryNet
MU,inventory,2021-06-03,4537000000.0,InventoryNet
MU,inventory,2021-09-02,4487000000.0,InventoryNet
MU,inventory,2021-12-02,4827000000.0,InventoryNet
MU,inventory,2022-03-03,5383000000.0,InventoryNet
MU,inventory,2022-06-02,5629000000.0,InventoryNet
MU,inventory,2022-09-01,6663000000.0,InventoryNet
MU,inventory,2022-12-01,8359000000.0,InventoryNet
MU,inventory,2023-03-02,8129000000.0,InventoryNet
MU,inventory,2023-06-01,8238000000.0,InventoryNet
MU,inventory,2023-08-31,8387000000.0,InventoryNet
MU,inventory,2023-11-30,8276000000.0,InventoryNet
MU,inventory,2024-02-29,8443000000.0,InventoryNet
MU,inventory,2024-05-30,8512000000.0,InventoryNet
MU,inventory,2024-08-29,8875000000.0,InventoryNet
MU,inventory,2024-11-28,8705000000.0,InventoryNet
MU,inventory,2025-02-27,9007000000.0,InventoryNet
MU,inventory,2025-05-29,8727000000.0,InventoryNet
MU,inventory,2025-08-28,8355000000.0,InventoryNet
MU,inventory,2025-11-27,8205000000.0,InventoryNet
MU,inventory,2026-02-26,8267000000.0,InventoryNet
MU,inventory,2026-05-28,8567000000.0,InventoryNet
MU,inventory,2026-09-03,10372000000.0,InventoryNet
MU,revenue,2017-11-30,6803000000.0,RevenueFromContractWithCustomerExcludingAssessedTax
MU,revenue,2018-03-01,7351000000.0,RevenueFromContractWithCustomerExcludingAssessedTax
MU,revenue,2018-05-31,7797000000.0,RevenueFromContractWithCustomerExcludingAssessedTax
MU,revenue,2018-08-30,8440000000.0,RevenueFromContractWithCustomerExcludingAssessedTax
MU,revenue,2018-11-29,7913000000.0,RevenueFromContractWithCustomerExcludingAssessedTax
MU,revenue,2019-02-28,5835000000.0,RevenueFromContractWithCustomerExcludingAssessedTax
MU,revenue,2019-05-30,4788000000.0,RevenueFromContractWithCustomerExcludingAssessedTax
MU,revenue,2019-08-29,4870000000.0,RevenueFromContractWithCustomerExcludingAssessedTax
MU,revenue,2019-11-28,5144000000.0,RevenueFromContractWithCustomerExcludingAssessedTax
MU,revenue,2020-02-27,4797000000.0,RevenueFromContractWithCustomerExcludingAssessedTax
MU,revenue,2020-05-28,5438000000.0,RevenueFromContractWithCustomerExcludingAssessedTax
MU,revenue,2020-09-03,6056000000.0,RevenueFromContractWithCustomerExcludingAssessedTax
MU,revenue,2020-12-03,5773000000.0,RevenueFromContractWithCustomerExcludingAssessedTax
MU,revenue,2021-03-04,6236000000.0,RevenueFromContractWithCustomerExcludingAssessedTax
MU,revenue,2021-06-03,7422000000.0,RevenueFromContractWithCustomerExcludingAssessedTax
MU,revenue,2021-09-02,8274000000.0,RevenueFromContractWithCustomerExcludingAssessedTax
MU,revenue,2021-12-02,7687000000.0,RevenueFromContractWithCustomerExcludingAssessedTax
MU,revenue,2022-03-03,7786000000.0,RevenueFromContractWithCustomerExcludingAssessedTax
MU,revenue,2022-06-02,8642000000.0,RevenueFromContractWithCustomerExcludingAssessedTax
MU,revenue,2022-09-01,6643000000.0,RevenueFromContractWithCustomerExcludingAssessedTax
MU,revenue,2022-12-01,4085000000.0,RevenueFromContractWithCustomerExcludingAssessedTax
MU,revenue,2023-03-02,3693000000.0,RevenueFromContractWithCustomerExcludingAssessedTax
MU,revenue,2023-06-01,3752000000.0,RevenueFromContractWithCustomerExcludingAssessedTax
MU,revenue,2023-08-31,4010000000.0,RevenueFromContractWithCustomerExcludingAssessedTax
MU,revenue,2023-11-30,4726000000.0,RevenueFromContractWithCustomerExcludingAssessedTax
MU,revenue,2024-02-29,5824000000.0,RevenueFromContractWithCustomerExcludingAssessedTax
MU,revenue,2024-05-30,6811000000.0,RevenueFromContractWithCustomerExcludingAssessedTax
MU,revenue,2024-08-29,7750000000.0,RevenueFromContractWithCustomerExcludingAssessedTax
MU,revenue,2024-11-28,8709000000.0,RevenueFromContractWithCustomerExcludingAssessedTax
MU,revenue,2025-02-27,8053000000.0,RevenueFromContractWithCustomerExcludingAssessedTax
MU,revenue,2025-05-29,9301000000.0,RevenueFromContractWithCustomerExcludingAssessedTax
MU,revenue,2025-08-28,11315000000.0,RevenueFromContractWithCustomerExcludingAssessedTax
MU,revenue,2025-11-27,13643000000.0,RevenueFromContractWithCustomerExcludingAssessedTax
MU,revenue,2026-02-26,23860000000.0,RevenueFromContractWithCustomerExcludingAssessedTax
MU,revenue,2026-05-28,41456000000.0,RevenueFromContractWithCustomerExcludingAssessedTax
MU,revenue,2026-09-03,54229000000.0,RevenueFromContractWithCustomerExcludingAssessedTax
NVDA,cogs,2015-01-25,552000000.0,CostOfRevenue
NVDA,cogs,2015-04-26,498000000.0,CostOfRevenue
NVDA,cogs,2015-07-26,519000000.0,CostOfRevenue
NVDA,cogs,2015-10-25,572000000.0,CostOfRevenue
NVDA,cogs,2016-01-31,610000000.0,CostOfRevenue
NVDA,cogs,2016-05-01,554000000.0,CostOfRevenue
NVDA,cogs,2016-07-31,602000000.0,CostOfRevenue
NVDA,cogs,2016-10-30,821000000.0,CostOfRevenue
NVDA,cogs,2017-01-29,870000000.0,CostOfRevenue
NVDA,cogs,2017-04-30,787000000.0,CostOfRevenue
NVDA,cogs,2017-07-30,928000000.0,CostOfRevenue
NVDA,cogs,2017-10-29,1067000000.0,CostOfRevenue
NVDA,cogs,2018-01-28,1110000000.0,CostOfRevenue
NVDA,cogs,2018-04-29,1139000000.0,CostOfRevenue
NVDA,cogs,2018-07-29,1148000000.0,CostOfRevenue
NVDA,cogs,2018-10-28,1260000000.0,CostOfRevenue
NVDA,cogs,2019-04-28,924000000.0,CostOfRevenue
NVDA,cogs,2019-07-28,1038000000.0,CostOfRevenue
NVDA,cogs,2019-10-27,1098000000.0,CostOfRevenue
NVDA,cogs,2020-01-26,1090000000.0,CostOfRevenue
NVDA,cogs,2020-04-26,1076000000.0,CostOfRevenue
NVDA,cogs,2020-07-26,1591000000.0,CostOfRevenue
NVDA,cogs,2020-10-25,1766000000.0,CostOfRevenue
NVDA,cogs,2021-01-31,1847000000.0,CostOfRevenue
NVDA,cogs,2021-05-02,2032000000.0,CostOfRevenue
NVDA,cogs,2021-08-01,2292000000.0,CostOfRevenue
NVDA,cogs,2021-10-31,2472000000.0,CostOfRevenue
NVDA,cogs,2022-01-30,2644000000.0,CostOfRevenue
NVDA,cogs,2022-05-01,2857000000.0,CostOfRevenue
NVDA,cogs,2022-07-31,3789000000.0,CostOfRevenue
NVDA,cogs,2022-10-30,2754000000.0,CostOfRevenue
NVDA,cogs,2023-01-29,2218000000.0,CostOfRevenue
NVDA,cogs,2023-04-30,2544000000.0,CostOfRevenue
NVDA,cogs,2023-07-30,4045000000.0,CostOfRevenue
NVDA,cogs,2023-10-29,4720000000.0,CostOfRevenue
NVDA,cogs,2024-01-28,5312000000.0,CostOfRevenue
NVDA,cogs,2024-04-28,5638000000.0,CostOfRevenue
NVDA,cogs,2024-07-28,7466000000.0,CostOfRevenue
NVDA,cogs,2024-10-27,8926000000.0,CostOfRevenue
NVDA,cogs,2025-01-26,10608000000.0,CostOfRevenue
NVDA,cogs,2025-04-27,17394000000.0,CostOfRevenue
NVDA,cogs,2025-07-27,12890000000.0,CostOfRevenue
NVDA,cogs,2025-10-26,15157000000.0,CostOfRevenue
NVDA,cogs,2026-01-25,17034000000.0,CostOfRevenue
NVDA,cogs,2026-04-26,20458000000.0,CostOfRevenue
NVDA,cogs,2026-07-26,24079000000.0,CostOfRevenue
NVDA,inventory,2015-01-25,483000000.0,InventoryNet
NVDA,inventory,2015-04-26,438000000.0,InventoryNet
NVDA,inventory,2015-07-26,441000000.0,InventoryNet
NVDA,inventory,2015-10-25,425000000.0,InventoryNet
NVDA,inventory,2016-01-31,418000000.0,InventoryNet
NVDA,inventory,2016-05-01,394000000.0,InventoryNet
NVDA,inventory,2016-07-31,521000000.0,InventoryNet
NVDA,inventory,2016-10-30,679000000.0,InventoryNet
NVDA,inventory,2017-01-29,794000000.0,InventoryNet
NVDA,inventory,2017-04-30,821000000.0,InventoryNet
NVDA,inventory,2017-07-30,855000000.0,InventoryNet
NVDA,inventory,2017-10-29,857000000.0,InventoryNet
NVDA,inventory,2018-01-28,796000000.0,InventoryNet
NVDA,inventory,2018-04-29,797000000.0,InventoryNet
NVDA,inventory,2018-07-29,1090000000.0,InventoryNet
NVDA,inventory,2018-10-28,1417000000.0,InventoryNet
NVDA,inventory,2019-01-27,1575000000.0,InventoryNet
NVDA,inventory,2019-04-28,1426000000.0,InventoryNet
NVDA,inventory,2019-07-28,1204000000.0,InventoryNet
NVDA,inventory,2019-10-27,1047000000.0,InventoryNet
NVDA,inventory,2020-01-26,979000000.0,InventoryNet
NVDA,inventory,2020-04-26,1128000000.0,InventoryNet
NVDA,inventory,2020-07-26,1401000000.0,InventoryNet
NVDA,inventory,2020-10-25,1495000000.0,InventoryNet
NVDA,inventory,2021-01-31,1826000000.0,InventoryNet
NVDA,inventory,2021-05-02,1992000000.0,InventoryNet
NVDA,inventory,2021-08-01,2114000000.0,InventoryNet
NVDA,inventory,2021-10-31,2233000000.0,InventoryNet
NVDA,inventory,2022-01-30,2605000000.0,InventoryNet
NVDA,inventory,2022-05-01,3163000000.0,InventoryNet
NVDA,inventory,2022-07-31,3889000000.0,InventoryNet
NVDA,inventory,2022-10-30,4454000000.0,InventoryNet
NVDA,inventory,2023-01-29,5159000000.0,InventoryNet
NVDA,inventory,2023-04-30,4611000000.0,InventoryNet
NVDA,inventory,2023-07-30,4319000000.0,InventoryNet
NVDA,inventory,2023-10-29,4779000000.0,InventoryNet
NVDA,inventory,2024-01-28,5282000000.0,InventoryNet
NVDA,inventory,2024-04-28,5864000000.0,InventoryNet
NVDA,inventory,2024-07-28,6675000000.0,InventoryNet
NVDA,inventory,2024-10-27,7654000000.0,InventoryNet
NVDA,inventory,2025-01-26,10080000000.0,InventoryNet
NVDA,inventory,2025-04-27,11333000000.0,InventoryNet
NVDA,inventory,2025-07-27,14962000000.0,InventoryNet
NVDA,inventory,2025-10-26,19784000000.0,InventoryNet
NVDA,inventory,2026-01-25,21403000000.0,InventoryNet
NVDA,inventory,2026-04-26,25797000000.0,InventoryNet
NVDA,inventory,2026-07-26,31575000000.0,InventoryNet
NVDA,revenue,2015-01-25,1251000000.0,Revenues
NVDA,revenue,2015-04-26,1151000000.0,Revenues
NVDA,revenue,2015-07-26,1153000000.0,Revenues
NVDA,revenue,2015-10-25,1305000000.0,Revenues
NVDA,revenue,2016-01-31,1401000000.0,Revenues
NVDA,revenue,2016-05-01,1305000000.0,Revenues
NVDA,revenue,2016-07-31,1428000000.0,Revenues
NVDA,revenue,2016-10-30,2004000000.0,Revenues
NVDA,revenue,2017-01-29,2173000000.0,Revenues
NVDA,revenue,2017-04-30,1937000000.0,Revenues
NVDA,revenue,2017-07-30,2230000000.0,Revenues
NVDA,revenue,2017-10-29,2636000000.0,Revenues
NVDA,revenue,2018-01-28,2911000000.0,Revenues
NVDA,revenue,2018-04-29,3207000000.0,Revenues
NVDA,revenue,2018-07-29,3123000000.0,Revenues
NVDA,revenue,2018-10-28,3181000000.0,Revenues
NVDA,revenue,2019-04-28,2220000000.0,Revenues
NVDA,revenue,2019-07-28,2579000000.0,Revenues
NVDA,revenue,2019-10-27,3014000000.0,Revenues
NVDA,revenue,2020-01-26,3105000000.0,Revenues
NVDA,revenue,2020-04-26,3080000000.0,Revenues
NVDA,revenue,2020-07-26,3866000000.0,Revenues
NVDA,revenue,2020-10-25,4726000000.0,Revenues
NVDA,revenue,2021-01-31,5003000000.0,Revenues
NVDA,revenue,2021-05-02,5661000000.0,Revenues
NVDA,revenue,2021-08-01,6507000000.0,Revenues
NVDA,revenue,2021-10-31,7103000000.0,Revenues
NVDA,revenue,2022-01-30,7643000000.0,Revenues
NVDA,revenue,2022-05-01,8288000000.0,Revenues
NVDA,revenue,2022-07-31,6704000000.0,Revenues
NVDA,revenue,2022-10-30,5931000000.0,Revenues
NVDA,revenue,2023-01-29,6051000000.0,Revenues
NVDA,revenue,2023-04-30,7192000000.0,Revenues
NVDA,revenue,2023-07-30,13507000000.0,Revenues
NVDA,revenue,2023-10-29,18120000000.0,Revenues
NVDA,revenue,2024-01-28,22103000000.0,Revenues
NVDA,revenue,2024-04-28,26044000000.0,Revenues
NVDA,revenue,2024-07-28,30040000000.0,Revenues
NVDA,revenue,2024-10-27,35082000000.0,Revenues
NVDA,revenue,2025-01-26,39331000000.0,Revenues
NVDA,revenue,2025-04-27,44062000000.0,Revenues
NVDA,revenue,2025-07-27,46743000000.0,Revenues
NVDA,revenue,2025-10-26,57006000000.0,Revenues
NVDA,revenue,2026-01-25,68127000000.0,Revenues
NVDA,revenue,2026-04-26,81615000000.0,Revenues
NVDA,revenue,2026-07-26,96221000000.0,Revenues
ORCL,capex,2015-02-28,368000000.0,PaymentsToAcquirePropertyPlantAndEquipment
ORCL,capex,2015-05-31,597000000.0,PaymentsToAcquirePropertyPlantAndEquipment
ORCL,capex,2015-08-31,446000000.0,PaymentsToAcquirePropertyPlantAndEquipment
ORCL,capex,2015-11-30,195000000.0,PaymentsToAcquirePropertyPlantAndEquipment
ORCL,capex,2016-02-29,368000000.0,PaymentsToAcquirePropertyPlantAndEquipment
ORCL,capex,2016-05-31,180000000.0,PaymentsToAcquirePropertyPlantAndEquipment
ORCL,capex,2016-08-31,299000000.0,PaymentsToAcquirePropertyPlantAndEquipment
ORCL,capex,2016-11-30,757000000.0,PaymentsToAcquirePropertyPlantAndEquipment
ORCL,capex,2017-02-28,440000000.0,PaymentsToAcquirePropertyPlantAndEquipment
ORCL,capex,2017-05-31,525000000.0,PaymentsToAcquirePropertyPlantAndEquipment
ORCL,capex,2017-08-31,473000000.0,PaymentsToAcquirePropertyPlantAndEquipment
ORCL,capex,2017-11-30,599000000.0,PaymentsToAcquirePropertyPlantAndEquipment
ORCL,capex,2018-02-28,286000000.0,PaymentsToAcquirePropertyPlantAndEquipment
ORCL,capex,2018-05-31,378000000.0,PaymentsToAcquirePropertyPlantAndEquipment
ORCL,capex,2018-08-31,383000000.0,PaymentsToAcquirePropertyPlantAndEquipment
ORCL,capex,2018-11-30,421000000.0,PaymentsToAcquirePropertyPlantAndEquipment
ORCL,capex,2019-02-28,443000000.0,PaymentsToAcquirePropertyPlantAndEquipment
ORCL,capex,2019-05-31,413000000.0,PaymentsToAcquirePropertyPlantAndEquipment
ORCL,capex,2019-08-31,386000000.0,PaymentsToAcquirePropertyPlantAndEquipment
ORCL,capex,2019-11-30,349000000.0,PaymentsToAcquirePropertyPlantAndEquipment
ORCL,capex,2020-02-29,396000000.0,PaymentsToAcquirePropertyPlantAndEquipment
ORCL,capex,2020-05-31,433000000.0,PaymentsToAcquirePropertyPlantAndEquipment
ORCL,capex,2020-08-31,436000000.0,PaymentsToAcquirePropertyPlantAndEquipment
ORCL,capex,2020-11-30,568000000.0,PaymentsToAcquirePropertyPlantAndEquipment
ORCL,capex,2021-02-28,414000000.0,PaymentsToAcquirePropertyPlantAndEquipment
ORCL,capex,2021-05-31,717000000.0,PaymentsToAcquirePropertyPlantAndEquipment
ORCL,capex,2021-08-31,1062000000.0,PaymentsToAcquirePropertyPlantAndEquipment
ORCL,capex,2021-11-30,925000000.0,PaymentsToAcquirePropertyPlantAndEquipment
ORCL,capex,2022-02-28,1101000000.0,PaymentsToAcquirePropertyPlantAndEquipment
ORCL,capex,2022-05-31,1423000000.0,PaymentsToAcquirePropertyPlantAndEquipment
ORCL,capex,2022-08-31,1719000000.0,PaymentsToAcquirePropertyPlantAndEquipment
ORCL,capex,2022-11-30,2435000000.0,PaymentsToAcquirePropertyPlantAndEquipment
ORCL,capex,2023-02-28,2628000000.0,PaymentsToAcquirePropertyPlantAndEquipment
ORCL,capex,2023-05-31,1913000000.0,PaymentsToAcquirePropertyPlantAndEquipment
ORCL,capex,2023-08-31,1314000000.0,PaymentsToAcquirePropertyPlantAndEquipment
ORCL,capex,2023-11-30,1080000000.0,PaymentsToAcquirePropertyPlantAndEquipment
ORCL,capex,2024-02-29,1674000000.0,PaymentsToAcquirePropertyPlantAndEquipment
ORCL,capex,2024-05-31,2798000000.0,PaymentsToAcquirePropertyPlantAndEquipment
ORCL,capex,2024-08-31,2303000000.0,PaymentsToAcquirePropertyPlantAndEquipment
ORCL,capex,2024-11-30,3970000000.0,PaymentsToAcquirePropertyPlantAndEquipment
ORCL,capex,2025-02-28,5862000000.0,PaymentsToAcquirePropertyPlantAndEquipment
ORCL,capex,2025-05-31,9080000000.0,PaymentsToAcquirePropertyPlantAndEquipment
ORCL,capex,2025-08-31,8502000000.0,PaymentsToAcquirePropertyPlantAndEquipment
ORCL,capex,2025-11-30,12033000000.0,PaymentsToAcquirePropertyPlantAndEquipment
ORCL,capex,2026-02-28,18635000000.0,PaymentsToAcquirePropertyPlantAndEquipment
ORCL,capex,2026-05-31,16493000000.0,PaymentsToAcquirePropertyPlantAndEquipment
ORCL,capex,2026-08-31,28499000000.0,PaymentsToAcquirePropertyPlantAndEquipment
TXN,cogs,2017-06-30,1319000000.0,CostOfGoodsAndServicesSold
TXN,cogs,2017-09-30,1460000000.0,CostOfGoodsAndServicesSold
TXN,cogs,2017-12-31,1310000000.0,CostOfGoodsAndServicesSold
TXN,cogs,2018-03-31,1342000000.0,CostOfGoodsAndServicesSold
TXN,cogs,2018-06-30,1398000000.0,CostOfGoodsAndServicesSold
TXN,cogs,2018-09-30,1457000000.0,CostOfGoodsAndServicesSold
TXN,cogs,2018-12-31,1310000000.0,CostOfGoodsAndServicesSold
TXN,cogs,2019-03-31,1333000000.0,CostOfGoodsAndServicesSold
TXN,cogs,2019-06-30,1308000000.0,CostOfGoodsAndServicesSold
TXN,cogs,2019-09-30,1325000000.0,CostOfGoodsAndServicesSold
TXN,cogs,2019-12-31,1253000000.0,CostOfGoodsAndServicesSold
TXN,cogs,2020-03-31,1241000000.0,CostOfGoodsAndServicesSold
TXN,cogs,2020-06-30,1157000000.0,CostOfGoodsAndServicesSold
TXN,cogs,2020-09-30,1364000000.0,CostOfGoodsAndServicesSold
TXN,cogs,2020-12-31,1430000000.0,CostOfGoodsAndServicesSold
TXN,cogs,2022-09-30,1624000000.0,CostOfGoodsAndServicesSold
TXN,cogs,2022-12-31,1583000000.0,CostOfGoodsAndServicesSold
TXN,cogs,2023-03-31,1516000000.0,CostOfGoodsAndServicesSold
TXN,cogs,2023-06-30,1621000000.0,CostOfGoodsAndServicesSold
TXN,cogs,2023-09-30,1717000000.0,CostOfGoodsAndServicesSold
TXN,cogs,2023-12-31,1646000000.0,CostOfGoodsAndServicesSold
TXN,cogs,2024-03-31,1566000000.0,CostOfGoodsAndServicesSold
TXN,cogs,2024-06-30,1611000000.0,CostOfGoodsAndServicesSold
TXN,cogs,2024-09-30,1677000000.0,CostOfGoodsAndServicesSold
TXN,cogs,2024-12-31,1693000000.0,CostOfGoodsAndServicesSold
TXN,cogs,2025-03-31,1756000000.0,CostOfGoodsAndServicesSold
TXN,cogs,2025-06-30,1873000000.0,CostOfGoodsAndServicesSold
TXN,cogs,2025-09-30,2019000000.0,CostOfGoodsAndServicesSold
TXN,cogs,2025-12-31,1951000000.0,CostOfGoodsAndServicesSold
TXN,cogs,2026-03-31,2026000000.0,CostOfGoodsAndServicesSold
TXN,cogs,2026-06-30,2111000000.0,CostOfGoodsAndServicesSold
TXN,inventory,2015-03-31,1844000000.0,InventoryNet
TXN,inventory,2015-06-30,1885000000.0,InventoryNet
TXN,inventory,2015-09-30,1771000000.0,InventoryNet
TXN,inventory,2015-12-31,1691000000.0,InventoryNet
TXN,inventory,2016-03-31,1805000000.0,InventoryNet
TXN,inventory,2016-06-30,1876000000.0,InventoryNet
TXN,inventory,2016-09-30,1808000000.0,InventoryNet
TXN,inventory,2016-12-31,1790000000.0,InventoryNet
TXN,inventory,2017-03-31,1843000000.0,InventoryNet
TXN,inventory,2017-06-30,1947000000.0,InventoryNet
TXN,inventory,2017-09-30,1908000000.0,InventoryNet
TXN,inventory,2017-12-31,1957000000.0,InventoryNet
TXN,inventory,2018-03-31,2032000000.0,InventoryNet
TXN,inventory,2018-06-30,2090000000.0,InventoryNet
TXN,inventory,2018-09-30,2116000000.0,InventoryNet
TXN,inventory,2018-12-31,2217000000.0,InventoryNet
TXN,inventory,2019-03-31,2131000000.0,InventoryNet
TXN,inventory,2019-06-30,2079000000.0,InventoryNet
TXN,inventory,2019-09-30,2040000000.0,InventoryNet
TXN,inventory,2019-12-31,2001000000.0,InventoryNet
TXN,inventory,2020-03-31,2003000000.0,InventoryNet
TXN,inventory,2020-06-30,2136000000.0,InventoryNet
TXN,inventory,2020-09-30,2072000000.0,InventoryNet
TXN,inventory,2020-12-31,1955000000.0,InventoryNet
TXN,inventory,2021-03-31,1890000000.0,InventoryNet
TXN,inventory,2021-06-30,1856000000.0,InventoryNet
TXN,inventory,2021-09-30,1863000000.0,InventoryNet
TXN,inventory,2021-12-31,1910000000.0,InventoryNet
TXN,inventory,2022-03-31,2060000000.0,InventoryNet
TXN,inventory,2022-06-30,2199000000.0,InventoryNet
TXN,inventory,2022-09-30,2404000000.0,InventoryNet
TXN,inventory,2022-12-31,2757000000.0,InventoryNet
TXN,inventory,2023-03-31,3288000000.0,InventoryNet
TXN,inventory,2023-06-30,3729000000.0,InventoryNet
TXN,inventory,2023-09-30,3908000000.0,InventoryNet
TXN,inventory,2023-12-31,3999000000.0,InventoryNet
TXN,inventory,2024-03-31,4083000000.0,InventoryNet
TXN,inventory,2024-06-30,4106000000.0,InventoryNet
TXN,inventory,2024-09-30,4296000000.0,InventoryNet
TXN,inventory,2024-12-31,4527000000.0,InventoryNet
TXN,inventory,2025-03-31,4687000000.0,InventoryNet
TXN,inventory,2025-06-30,4812000000.0,InventoryNet
TXN,inventory,2025-09-30,4829000000.0,InventoryNet
TXN,inventory,2025-12-31,4804000000.0,InventoryNet
TXN,inventory,2026-03-31,4695000000.0,InventoryNet
TXN,inventory,2026-06-30,4605000000.0,InventoryNet
TXN,revenue,2017-03-31,3402000000.0,RevenueFromContractWithCustomerExcludingAssessedTax
TXN,revenue,2017-06-30,3693000000.0,RevenueFromContractWithCustomerExcludingAssessedTax
TXN,revenue,2017-09-30,4116000000.0,RevenueFromContractWithCustomerExcludingAssessedTax
TXN,revenue,2017-12-31,3750000000.0,RevenueFromContractWithCustomerExcludingAssessedTax
TXN,revenue,2018-03-31,3789000000.0,RevenueFromContractWithCustomerExcludingAssessedTax
TXN,revenue,2018-06-30,4017000000.0,RevenueFromContractWithCustomerExcludingAssessedTax
TXN,revenue,2018-09-30,4261000000.0,RevenueFromContractWithCustomerExcludingAssessedTax
TXN,revenue,2018-12-31,3717000000.0,RevenueFromContractWithCustomerExcludingAssessedTax
TXN,revenue,2019-03-31,3594000000.0,RevenueFromContractWithCustomerExcludingAssessedTax
TXN,revenue,2019-06-30,3668000000.0,RevenueFromContractWithCustomerExcludingAssessedTax
TXN,revenue,2019-09-30,3771000000.0,RevenueFromContractWithCustomerExcludingAssessedTax
TXN,revenue,2019-12-31,3350000000.0,RevenueFromContractWithCustomerExcludingAssessedTax
TXN,revenue,2020-03-31,3329000000.0,RevenueFromContractWithCustomerExcludingAssessedTax
TXN,revenue,2020-06-30,3239000000.0,RevenueFromContractWithCustomerExcludingAssessedTax
TXN,revenue,2020-09-30,3817000000.0,RevenueFromContractWithCustomerExcludingAssessedTax
TXN,revenue,2020-12-31,4076000000.0,RevenueFromContractWithCustomerExcludingAssessedTax
TXN,revenue,2021-03-31,4289000000.0,RevenueFromContractWithCustomerExcludingAssessedTax
TXN,revenue,2021-06-30,4580000000.0,RevenueFromContractWithCustomerExcludingAssessedTax
TXN,revenue,2021-09-30,4643000000.0,RevenueFromContractWithCustomerExcludingAssessedTax
TXN,revenue,2021-12-31,4832000000.0,RevenueFromContractWithCustomerExcludingAssessedTax
TXN,revenue,2022-03-31,4905000000.0,RevenueFromContractWithCustomerExcludingAssessedTax
TXN,revenue,2022-06-30,5212000000.0,RevenueFromContractWithCustomerExcludingAssessedTax
TXN,revenue,2022-09-30,5241000000.0,RevenueFromContractWithCustomerExcludingAssessedTax
TXN,revenue,2022-12-31,4670000000.0,RevenueFromContractWithCustomerExcludingAssessedTax
TXN,revenue,2023-03-31,4379000000.0,RevenueFromContractWithCustomerExcludingAssessedTax
TXN,revenue,2023-06-30,4531000000.0,RevenueFromContractWithCustomerExcludingAssessedTax
TXN,revenue,2023-09-30,4532000000.0,RevenueFromContractWithCustomerExcludingAssessedTax
TXN,revenue,2023-12-31,4077000000.0,RevenueFromContractWithCustomerExcludingAssessedTax
TXN,revenue,2024-03-31,3661000000.0,RevenueFromContractWithCustomerExcludingAssessedTax
TXN,revenue,2024-06-30,3822000000.0,RevenueFromContractWithCustomerExcludingAssessedTax
TXN,revenue,2024-09-30,4151000000.0,RevenueFromContractWithCustomerExcludingAssessedTax
TXN,revenue,2024-12-31,4007000000.0,RevenueFromContractWithCustomerExcludingAssessedTax
TXN,revenue,2025-03-31,4069000000.0,RevenueFromContractWithCustomerExcludingAssessedTax
TXN,revenue,2025-06-30,4448000000.0,RevenueFromContractWithCustomerExcludingAssessedTax
TXN,revenue,2025-09-30,4742000000.0,RevenueFromContractWithCustomerExcludingAssessedTax
TXN,revenue,2025-12-31,4423000000.0,RevenueFromContractWithCustomerExcludingAssessedTax
TXN,revenue,2026-03-31,4825000000.0,RevenueFromContractWithCustomerExcludingAssessedTax
TXN,revenue,2026-06-30,5463000000.0,RevenueFromContractWithCustomerExcludingAssessedTax
